timestamp_sec,timestamp_nanosec,integrated_x,integrated_y,frame_id,last_squal
1701438663.0,489017997.0,-0.0,-0.0,5167.0,47.0
1701438663.0,959796882.0,-0.0,-0.0,5167.0,59.0
1701438664.0,19831705.0,-0.0,-0.0,5167.0,50.0
1701438664.0,51110638.0,-0.0,-0.0,5167.0,51.0
1701438664.0,100047371.0,-0.0,-0.0,5167.0,50.0
1701438664.0,130943856.0,-0.0,-0.0,5167.0,52.0
1701438664.0,200229506.0,-0.0,-0.0,5167.0,56.0
1701438664.0,250429206.0,-0.0,-0.0,5167.0,55.0
1701438664.0,310379190.0,-0.0,-0.0,5167.0,52.0
1701438664.0,360677099.0,-0.0,-0.0,5167.0,59.0
1701438664.0,410788131.0,-0.0,-0.0,5167.0,48.0
1701438664.0,450983228.0,-0.0,-0.0,5167.0,54.0
1701438664.0,570265179.0,-0.0,-0.0,5167.0,50.0
1701438664.0,600977196.0,-0.0,-0.0,5167.0,56.0
1701438664.0,630961335.0,-0.0,-0.0,5167.0,49.0
1701438664.0,651457823.0,-0.0,-0.0,5167.0,50.0
1701438664.0,711094561.0,-0.0,-0.0,5167.0,51.0
1701438664.0,741144384.0,-0.0,-0.0,5167.0,50.0
1701438664.0,851731615.0,-0.0,-0.0,5167.0,52.0
1701438664.0,871409058.0,-0.0,-0.0,5167.0,53.0
1701438664.0,902995703.0,-0.0,-0.0,5167.0,43.0
1701438664.0,951526981.0,-0.0,-0.0,5167.0,51.0
1701438664.0,982965483.0,-0.0,-0.0,5167.0,51.0
1701438665.0,51880439.0,-0.0,-0.0,5167.0,56.0
1701438665.0,91905483.0,-0.0,-0.0,5167.0,54.0
1701438665.0,143173348.0,-0.0,-0.0,5167.0,49.0
1701438665.0,212469024.0,-0.0,-0.0,5167.0,51.0
1701438665.0,251284444.0,-0.0,-0.0,5167.0,49.0
1701438665.0,303134158.0,-0.0,-0.0,5167.0,54.0
1701438665.0,351265579.0,-0.0,-0.0,5167.0,49.0
1701438665.0,402476755.0,-0.0,-0.0,5167.0,53.0
1701438665.0,452465464.0,-0.0,-0.0,5167.0,47.0
1701438665.0,492686954.0,-0.0,-0.0,5167.0,55.0
1701438665.0,543460665.0,-0.0,-0.0,5167.0,55.0
1701438665.0,612757666.0,-0.0,-0.0,5167.0,53.0
1701438665.0,653045786.0,-0.0,-0.0,5167.0,48.0
1701438665.0,703585335.0,-0.0,-0.0,5167.0,50.0
1701438665.0,773207933.0,-0.0,-0.0,5167.0,42.0
1701438665.0,803083241.0,-0.0,-0.0,5167.0,55.0
1701438665.0,852329690.0,-0.0,-0.0,5167.0,53.0
1701438665.0,893482007.0,-0.0,-0.0,5167.0,43.0
1701438665.0,943832251.0,-0.0,-0.0,5167.0,51.0
1701438666.0,13830513.0,-0.0,-0.0,5167.0,47.0
1701438666.0,54770415.0,-0.0,-0.0,5167.0,52.0
1701438666.0,105121890.0,-0.0,-0.0,5167.0,57.0
1701438666.0,155871974.0,-0.0,-0.0,5167.0,56.0
1701438666.0,215091527.0,-0.0,-0.0,5167.0,50.0
1701438666.0,254922651.0,-0.0,-0.0,5167.0,50.0
1701438666.0,295233307.0,-0.0,-0.0,5167.0,50.0
1701438666.0,344053430.0,-0.0,-0.0,5167.0,58.0
1701438666.0,414252108.0,-0.0,-0.0,5167.0,48.0
1701438666.0,454565858.0,-0.0,-0.0,5167.0,45.0
1701438666.0,504339705.0,-0.0,-0.0,5167.0,49.0
1701438666.0,554873983.0,-0.0,-0.0,5167.0,57.0
1701438666.0,604548380.0,-0.0,-0.0,5167.0,57.0
1701438666.0,654956754.0,-0.0,-0.0,5167.0,54.0
1701438666.0,714758761.0,-0.0,-0.0,5167.0,51.0
1701438666.0,764951499.0,-0.0,-0.0,5167.0,57.0
1701438666.0,815548802.0,-0.0,-0.0,5167.0,42.0
1701438666.0,855250060.0,-0.0,-0.0,5167.0,58.0
1701438666.0,905081144.0,-0.0,-0.0,5167.0,46.0
1701438666.0,934313286.0,-0.0,-0.0,5167.0,61.0
1701438666.0,985437839.0,-0.0,-0.0,5167.0,57.0
1701438667.0,66687389.0,-0.0,-0.0,5167.0,48.0
1701438667.0,145721222.0,-0.0,-0.0,5167.0,51.0
1701438667.0,205504086.0,-0.0,-0.0,5167.0,53.0
1701438667.0,246921373.0,-0.0,-0.0,5167.0,59.0
1701438667.0,327059117.0,-0.0,-0.0,5167.0,51.0
1701438667.0,406876602.0,-0.0,-0.0,5167.0,51.0
1701438667.0,416381655.0,-0.0,-0.0,5167.0,53.0
1701438667.0,466099130.0,-0.0,-0.0,5167.0,53.0
1701438667.0,523350551.0,-0.0,-0.0,5167.0,51.0
1701438667.0,546381171.0,-0.0,-0.0,5167.0,50.0
1701438667.0,706761482.0,-0.0,-0.0,5167.0,55.0
1701438667.0,737138897.0,-0.0,-0.0,5167.0,53.0
1701438667.0,756616546.0,-0.0,-0.0,5167.0,55.0
1701438667.0,838367345.0,-0.0,-0.0,5167.0,54.0
1701438667.0,856540926.0,-0.0,-0.0,5167.0,52.0
1701438667.0,897240406.0,-0.0,-0.0,5167.0,52.0
1701438667.0,916928211.0,-0.0,-0.0,5167.0,46.0
1701438668.0,105131896.0,-0.0,-0.0,5167.0,54.0
1701438668.0,106323841.0,-0.0,-0.0,5167.0,45.0
1701438668.0,137983168.0,-0.0,-0.0,5167.0,59.0
1701438668.0,208881107.0,-0.0,-0.0,5167.0,49.0
1701438668.0,258693443.0,-0.0,-0.0,5167.0,51.0
1701438668.0,317662479.0,-0.0,-0.0,5167.0,45.0
1701438668.0,377955057.0,-0.0,-0.0,5167.0,61.0
1701438668.0,427810435.0,-0.0,-0.0,5167.0,52.0
1701438668.0,458088979.0,-0.0,-0.0,5167.0,55.0
1701438668.0,558816661.0,-0.0,-0.0,5167.0,51.0
1701438668.0,608197253.0,-0.0,-0.0,5167.0,48.0
1701438668.0,688250458.0,-0.0,-0.0,5167.0,51.0
1701438668.0,717258314.0,-0.0,-0.0,5167.0,56.0
1701438668.0,738658007.0,-0.0,-0.0,5167.0,58.0
1701438668.0,858853949.0,-0.0,-0.0,5167.0,52.0
1701438668.0,898952360.0,-0.0,-0.0,5167.0,55.0
1701438668.0,928637341.0,-0.0,-0.0,5167.0,48.0
1701438669.0,8833034.0,-0.0,-0.0,5167.0,45.0
1701438669.0,60001814.0,-0.0,-0.0,5167.0,63.0
1701438669.0,68895995.0,-0.0,-0.0,5167.0,52.0
1701438669.0,154114579.0,-0.0,-0.0,5167.0,58.0
1701438669.0,195443975.0,-0.0,-0.0,5167.0,49.0
1701438669.0,273636059.0,-0.0,-0.0,5167.0,51.0
1701438669.0,324338773.0,-0.0,-0.0,5167.0,53.0
1701438669.0,404658788.0,-0.0,-0.0,5167.0,54.0
1701438669.0,435981494.0,-0.0,-0.0,5167.0,54.0
1701438669.0,505854353.0,-0.0,-0.0,5167.0,53.0
1701438669.0,554963475.0,-0.0,-0.0,5167.0,55.0
1701438669.0,624133574.0,-0.0,-0.0,5167.0,50.0
1701438669.0,675077188.0,-0.0,-0.0,5167.0,51.0
1701438669.0,755148034.0,-0.0,-0.0,5167.0,55.0
1701438669.0,805120822.0,-0.0,-0.0,5167.0,50.0
1701438669.0,825715466.0,-0.0,-0.0,5167.0,55.0
1701438669.0,914294204.0,-0.0,-0.0,5167.0,56.0
1701438669.0,965429290.0,-0.0,-0.0,5167.0,51.0
1701438669.0,985554882.0,-0.0,-0.0,5167.0,49.0
1701438670.0,76027206.0,-0.0,-0.0,5167.0,51.0
1701438670.0,136632759.0,-0.0,-0.0,5167.0,46.0
1701438670.0,155830172.0,-0.0,-0.0,5167.0,56.0
1701438670.0,210815403.0,-0.0,-0.0,5167.0,52.0
1701438670.0,281196892.0,-0.0,-0.0,5167.0,52.0
1701438670.0,301248073.0,-0.0,-0.0,5167.0,52.0
1701438670.0,352647805.0,-0.0,-0.0,5167.0,52.0
1701438670.0,429819027.0,-0.0,-0.0,5167.0,47.0
1701438670.0,461428040.0,-0.0,-0.0,5167.0,46.0
1701438670.0,512584328.0,-0.0,-0.0,5167.0,53.0
1701438670.0,613004787.0,-0.0,-0.0,5167.0,54.0
1701438670.0,661309093.0,-0.0,-0.0,5167.0,47.0
1701438670.0,771944773.0,-0.0,-0.0,5167.0,52.0
1701438670.0,822005578.0,-0.0,-0.0,5167.0,52.0
1701438670.0,888858324.0,-0.0,-0.0,5167.0,48.0
1701438670.0,901917900.0,-0.0,-0.0,5167.0,56.0
1701438670.0,942397984.0,-0.0,-0.0,5167.0,44.0
1701438671.0,69170806.0,-0.0,-0.0,5167.0,55.0
1701438671.0,102988168.0,-0.0,-0.0,5167.0,61.0
1701438671.0,153693574.0,-0.0,-0.0,5167.0,59.0
1701438671.0,231553169.0,-0.0,-0.0,5167.0,51.0
1701438671.0,252665879.0,-0.0,-0.0,5167.0,56.0
1701438671.0,282764151.0,-0.0,-0.0,5167.0,45.0
1701438671.0,420040492.0,-0.0,-0.0,5167.0,52.0
1701438671.0,473678810.0,-0.0,-0.0,5167.0,47.0
1701438671.0,504571433.0,-0.0,-0.0,5167.0,58.0
1701438671.0,642615786.0,-0.0,-0.0,5167.0,59.0
1701438671.0,654436623.0,-0.0,-0.0,5167.0,52.0
1701438671.0,664123343.0,-0.0,-0.0,5167.0,53.0
1701438671.0,704640193.0,-0.0,-0.0,5167.0,56.0
1701438671.0,746544780.0,-0.0,-0.0,5167.0,53.0
1701438671.0,813570769.0,-0.0,-0.0,5167.0,61.0
1701438671.0,873615036.0,-0.0,-0.0,5167.0,55.0
1701438671.0,988440672.0,-0.0,-0.0,5167.0,45.0
1701438672.0,4148500.0,-0.0,-0.0,5167.0,45.0
1701438672.0,34002784.0,-0.0,-0.0,5167.0,45.0
1701438672.0,64004906.0,-0.0,-0.0,5167.0,46.0
1701438672.0,114679025.0,-0.0,-0.0,5167.0,46.0
1701438672.0,295016490.0,-0.0,-0.0,5167.0,45.0
1701438672.0,324182284.0,-0.0,-0.0,5167.0,52.0
1701438672.0,344519789.0,-0.0,-0.0,5167.0,59.0
1701438672.0,354725069.0,-0.0,-0.0,5167.0,54.0
1701438672.0,517016925.0,-0.0,-0.0,5167.0,62.0
1701438672.0,545076380.0,-0.0,-0.0,5167.0,53.0
1701438672.0,564966304.0,-0.0,-0.0,5167.0,48.0
1701438672.0,584803066.0,-0.0,-0.0,5167.0,48.0
1701438672.0,706528676.0,-0.0,-0.0,5167.0,40.0
1701438672.0,725083522.0,-0.0,-0.0,5167.0,55.0
1701438672.0,775957911.0,-0.0,-0.0,5167.0,51.0
1701438673.0,225799079.0,-0.0,-0.0,5167.0,57.0
1701438673.0,266009071.0,-0.0,-0.0,5167.0,46.0
1701438673.0,335930338.0,-0.0,-0.0,5167.0,50.0
1701438673.0,346083497.0,-0.0,-0.0,5167.0,60.0
1701438673.0,396076437.0,-0.0,-0.0,5167.0,47.0
1701438673.0,467138601.0,-0.0,-0.0,5167.0,54.0
1701438673.0,526559848.0,-0.0,-0.0,5167.0,49.0
1701438673.0,867086904.0,-0.0,-0.0,5167.0,49.0
1701438673.0,926984754.0,-0.0,-0.0,5167.0,51.0
1701438674.0,57179019.0,-0.002749205334112048,-0.0033102675806730986,5173.0,47.0
1701438674.0,86260209.0,-0.004334206227213144,-0.005021507851779461,5179.0,69.0
1701438674.0,108142006.0,-0.00676080072298646,-0.007798766251653433,5182.0,70.0
1701438674.0,167707781.0,-0.013030672445893288,-0.014517487958073616,5184.0,28.0
1701438674.0,307700526.0,-0.023494483903050423,-0.024448290467262268,5218.0,55.0
1701438674.0,377385804.0,-0.0389096699655056,-0.040985602885484695,5221.0,64.0
1701438674.0,428081242.0,-0.04973817616701126,-0.05198242515325546,5221.0,45.0
1701438674.0,468064742.0,-0.054016273468732834,-0.05662521347403526,5224.0,42.0
1701438674.0,518182040.0,-0.05979521572589874,-0.06286703050136566,5233.0,63.0
1701438674.0,567916015.0,-0.07044137269258499,-0.07403217256069183,5233.0,72.0
1701438674.0,618050492.0,-0.08177483081817627,-0.0848747044801712,5233.0,61.0
1701438674.0,668463251.0,-0.09146718680858612,-0.09481953084468842,5236.0,83.0
1701438674.0,709493580.0,-0.10010754317045212,-0.10361418128013611,5236.0,85.0
1701438674.0,777321032.0,-0.1149756982922554,-0.11928185075521469,5236.0,72.0
1701438674.0,807305998.0,-0.12146998941898346,-0.12577614188194275,5236.0,70.0
1701438674.0,908831485.0,-0.1431550532579422,-0.14789602160453796,5236.0,53.0
1701438674.0,918451238.0,-0.14532916247844696,-0.1502104103565216,5236.0,55.0
1701438674.0,998600306.0,-0.1620347946882248,-0.16704228520393372,5236.0,47.0
1701438675.0,18645649.0,-0.16450347006320953,-0.1694267988204956,5236.0,37.0
1701438675.0,78705992.0,-0.17750608921051025,-0.1826818883419037,5239.0,55.0
1701438675.0,108302981.0,-0.18423883616924286,-0.18947073817253113,5239.0,55.0
1701438675.0,179141943.0,-0.1988825649023056,-0.20562933385372162,5239.0,135.0
1701438675.0,229501890.0,-0.20958483219146729,-0.21678045392036438,5239.0,42.0
1701438675.0,268329096.0,-0.2163456231355667,-0.22422856092453003,5245.0,66.0
1701438675.0,319086989.0,-0.22730037569999695,-0.2352113574743271,5245.0,70.0
1701438675.0,369183957.0,-0.23846551775932312,-0.24619413912296295,5245.0,73.0
1701438675.0,419236280.0,-0.24919582903385162,-0.2571909725666046,5245.0,55.0
1701438675.0,469730162.0,-0.2600804269313812,-0.26829999685287476,5245.0,50.0
1701438675.0,509726118.0,-0.2690434157848358,-0.277024507522583,5245.0,48.0
1701438675.0,579580065.0,-0.28430429100990295,-0.2924116551876068,5245.0,54.0
1701438675.0,630224531.0,-0.29500657320022583,-0.3035627603530884,5245.0,52.0
1701438675.0,669958141.0,-0.3019777536392212,-0.3104498088359833,5248.0,71.0
1701438675.0,721512194.0,-0.31280627846717834,-0.3216991126537323,5251.0,76.0
1701438675.0,769792136.0,-0.32369089126586914,-0.3324434459209442,5251.0,40.0
1701438675.0,819863820.0,-0.3304797410964966,-0.3386712372303009,5256.0,59.0
1701438675.0,870413666.0,-0.34150460362434387,-0.349682092666626,5260.0,59.0
1701438675.0,930086560.0,-0.35459139943122864,-0.3629932999610901,5260.0,49.0
1701438675.0,980230472.0,-0.365377813577652,-0.3740602433681488,5260.0,60.0
1701438676.0,30475092.0,-0.3725874722003937,-0.3816065490245819,5265.0,68.0
1701438676.0,90350389.0,-0.3856181204319,-0.39514216780662537,5266.0,63.0
1701438676.0,121049490.0,-0.39223867654800415,-0.40195906162261963,5266.0,45.0
1701438676.0,170407094.0,-0.40313729643821716,-0.41320836544036865,5266.0,57.0
1701438676.0,230936432.0,-0.4160136878490448,-0.42663177847862244,5266.0,61.0
1701438676.0,270618534.0,-0.4219048321247101,-0.4331821799278259,5269.0,72.0
1701438676.0,330670112.0,-0.4345848560333252,-0.4464793801307678,5269.0,47.0
1701438676.0,361659218.0,-0.43817564845085144,-0.45053303241729736,5275.0,70.0
1701438676.0,430998178.0,-0.45117825269699097,-0.4634234607219696,5277.0,48.0
1701438676.0,471201958.0,-0.4571255147457123,-0.46938472986221313,5287.0,57.0
1701438676.0,521825928.0,-0.4680802524089813,-0.48028337955474854,5287.0,51.0
1701438676.0,571041717.0,-0.4789368212223053,-0.49104174971580505,5287.0,56.0
1701438676.0,621152050.0,-0.4899897575378418,-0.5017580389976501,5287.0,66.0
1701438676.0,671345426.0,-0.5009725689888,-0.5126146078109741,5287.0,42.0
1701438676.0,711487505.0,-0.5097250938415527,-0.521395206451416,5287.0,54.0
1701438676.0,781514454.0,-0.5225313901901245,-0.5341172814369202,5290.0,39.0
1701438676.0,812945654.0,-0.5289274454116821,-0.5408640503883362,5290.0,66.0
1701438676.0,872837076.0,-0.542126476764679,-0.5540069341659546,5290.0,72.0
1701438676.0,923466246.0,-0.5533336997032166,-0.5649617314338684,5290.0,50.0
1701438676.0,973265417.0,-0.5647092461585999,-0.5760847330093384,5290.0,63.0
1701438677.0,53828996.0,-0.5821863412857056,-0.5937021374702454,5290.0,44.0
1701438677.0,83475164.0,-0.5880634188652039,-0.5999579429626465,5290.0,58.0
1701438677.0,113115545.0,-0.5945016145706177,-0.6065364480018616,5290.0,54.0
1701438677.0,163102992.0,-0.6049794554710388,-0.6177716851234436,5290.0,42.0
1701438677.0,231257543.0,-0.620352566242218,-0.6332429647445679,5290.0,58.0
1701438677.0,272408535.0,-0.6287264227867126,-0.6422901153564453,5290.0,44.0
1701438677.0,322178985.0,-0.6336076855659485,-0.6477183699607849,5296.0,71.0
1701438677.0,372693854.0,-0.6422199606895447,-0.6568636894226074,5302.0,67.0
1701438677.0,422554969.0,-0.6528100371360779,-0.6681410670280457,5302.0,66.0
1701438677.0,472702697.0,-0.6635543704032898,-0.6790537238121033,5302.0,43.0
1701438677.0,532518932.0,-0.6647466421127319,-0.6807088851928711,5316.0,51.0
1701438677.0,562518345.0,-0.664844810962677,-0.6809613108634949,5326.0,57.0
1701438677.0,632832553.0,-0.6793482899665833,-0.6963344216346741,5329.0,41.0
1701438677.0,672918956.0,-0.6867402791976929,-0.7031653523445129,5332.0,38.0
1701438677.0,742894082.0,-0.6974565982818604,-0.7144567370414734,5337.0,68.0
1701438677.0,792999538.0,-0.7081588506698608,-0.7256359457969666,5338.0,47.0
1701438677.0,822946889.0,-0.7135169506072998,-0.7316533327102661,5338.0,46.0
1701438677.0,873470034.0,-0.7230830788612366,-0.7419628500938416,5344.0,46.0
1701438677.0,913365005.0,-0.7262811660766602,-0.7452731132507324,5350.0,53.0
1701438677.0,984450582.0,-0.7401253581047058,-0.7603376507759094,5356.0,51.0
1701438678.0,13230296.0,-0.7466757893562317,-0.7670844197273254,5356.0,84.0
1701438678.0,73659098.0,-0.7583879232406616,-0.7796100974082947,5359.0,56.0
1701438678.0,153621867.0,-0.7734103798866272,-0.7955021858215332,5365.0,50.0
1701438678.0,193549853.0,-0.7802973985671997,-0.8018983006477356,5365.0,55.0
1701438678.0,253583033.0,-0.7906209826469421,-0.8125865459442139,5374.0,63.0
1701438678.0,283631599.0,-0.7973256707191467,-0.8192772269248962,5374.0,43.0
1701438678.0,303294566.0,-0.8017720580101013,-0.8236956000328064,5374.0,46.0
1701438678.0,384339082.0,-0.8126286268234253,-0.8357443809509277,5385.0,57.0
1701438678.0,434000081.0,-0.8207219839096069,-0.8443286418914795,5394.0,56.0
1701438678.0,474088250.0,-0.8290958404541016,-0.8532916307449341,5395.0,44.0
1701438678.0,524049182.0,-0.8401066660881042,-0.8647092580795288,5395.0,53.0
1701438678.0,574070002.0,-0.8469235897064209,-0.8716243505477905,5401.0,45.0
1701438678.0,634453316.0,-0.8574575185775757,-0.882326602935791,5413.0,52.0
1701438678.0,673272166.0,-0.8659716248512268,-0.891331672668457,5413.0,59.0
1701438678.0,714439723.0,-0.8745839595794678,-0.900224506855011,5413.0,50.0
1701438678.0,764534055.0,-0.8850618004798889,-0.9113194942474365,5413.0,47.0
1701438678.0,834877137.0,-0.8929166793823242,-0.918795645236969,5428.0,51.0
1701438678.0,874762143.0,-0.9015289545059204,-0.9277726411819458,5428.0,56.0
1701438678.0,944816400.0,-0.9101693034172058,-0.9369319677352905,5440.0,46.0
1701438678.0,974667025.0,-0.9119226336479187,-0.9382925629615784,5445.0,45.0
1701438679.0,24795735.0,-0.9192445278167725,-0.9463438391685486,5454.0,36.0
1701438679.0,85111061.0,-0.9256406426429749,-0.9531466960906982,5467.0,48.0
1701438679.0,115116425.0,-0.9282215237617493,-0.9560081362724304,5470.0,42.0
1701438679.0,156195750.0,-0.9302834272384644,-0.9577193260192871,5481.0,39.0
1701438679.0,245069899.0,-0.9420937895774841,-0.9703572988510132,5494.0,30.0
1701438679.0,274367140.0,-0.9474659562110901,-0.9764728546142578,5503.0,40.0
1701438679.0,325159521.0,-0.9495278596878052,-0.9787732362747192,5518.0,43.0
1701438679.0,375217318.0,-0.958504855632782,-0.9881289005279541,5532.0,64.0
1701438679.0,420375876.0,-0.9679587483406067,-0.9982841610908508,5538.0,50.0
1701438679.0,470967675.0,-0.9711567759513855,-1.0015523433685303,5547.0,56.0
1701438679.0,520595321.0,-0.9711427688598633,-1.0015664100646973,5561.0,41.0
1701438679.0,581630659.0,-0.9711567759513855,-1.0015523433685303,5580.0,36.0
1701438679.0,632249965.0,-0.9761782884597778,-1.0066019296646118,5592.0,39.0
1701438679.0,681837508.0,-0.977763295173645,-1.0085656642913818,5603.0,40.0
1701438679.0,731714438.0,-0.9811577200889587,-1.0115673542022705,5618.0,32.0
1701438679.0,792171080.0,-0.9826725721359253,-1.0129138231277466,5637.0,38.0
1701438679.0,821971421.0,-0.9832757115364075,-1.0140079259872437,5646.0,71.0
1701438679.0,871200397.0,-0.9865018725395203,-1.0172059535980225,5661.0,26.0
1701438679.0,932072396.0,-0.9864878058433533,-1.0172059535980225,5679.0,38.0
1701438679.0,981196450.0,-0.9874135851860046,-1.0181878805160522,5694.0,59.0
1701438680.0,61254019.0,-0.9908921718597412,-1.0233635902404785,5718.0,64.0
1701438680.0,82849073.0,-0.9936553835868835,-1.02615487575531,5723.0,42.0
1701438680.0,172433596.0,-1.0113569498062134,-1.045034646987915,5751.0,41.0
1701438680.0,191629635.0,-1.0128577947616577,-1.046703815460205,5757.0,39.0
1701438680.0,221471260.0,-1.0144708156585693,-1.048681616783142,5766.0,42.0
1701438680.0,271736634.0,-1.020516276359558,-1.0541939735412598,5781.0,44.0
1701438680.0,322553766.0,-1.0276838541030884,-1.0617263317108154,5795.0,40.0
1701438680.0,371649477.0,-1.0288760662078857,-1.062525749206543,5810.0,33.0
1701438680.0,432771981.0,-1.0338274240493774,-1.0677998065948486,5829.0,68.0
1701438680.0,482788935.0,-1.0386245250701904,-1.072316288948059,5843.0,36.0
1701438680.0,531886255.0,-1.0427483320236206,-1.0763840675354004,5858.0,44.0
1701438680.0,571982018.0,-1.043674111366272,-1.0772676467895508,5871.0,50.0
1701438680.0,622065489.0,-1.0469563007354736,-1.0809146165847778,5886.0,46.0
1701438680.0,692176175.0,-1.0497335195541382,-1.0839303731918335,5906.0,35.0
1701438680.0,722565544.0,-1.0541800260543823,-1.0882364511489868,5915.0,33.0
1701438680.0,781303865.0,-1.0569852590560913,-1.0908033847808838,5934.0,42.0
1701438680.0,832333779.0,-1.06165611743927,-1.0955723524093628,5949.0,37.0
1701438680.0,882674703.0,-1.0632271766662598,-1.0968908071517944,5963.0,48.0
1701438680.0,932578377.0,-1.0646157264709473,-1.098321557044983,5978.0,60.0
1701438680.0,972528193.0,-1.0646578073501587,-1.0982794761657715,5991.0,52.0
1701438681.0,22669122.0,-1.0649102926254272,-1.0986862182617188,5994.0,53.0
1701438681.0,73563112.0,-1.065948247909546,-1.0998224020004272,5994.0,48.0
1701438681.0,122893783.0,-1.0676454305648804,-1.1012670993804932,5994.0,40.0
1701438681.0,173292734.0,-1.0688518285751343,-1.1024874448776245,5994.0,47.0
1701438681.0,233847509.0,-1.0699037313461304,-1.1036657094955444,5994.0,71.0
1701438681.0,283205321.0,-1.0707032680511475,-1.1045494079589844,5994.0,72.0
1701438681.0,328308681.0,-1.0719095468521118,-1.105573296546936,5994.0,49.0
1701438681.0,378122368.0,-1.0732280015945435,-1.1067094802856445,5994.0,50.0
1701438681.0,428224542.0,-1.0742379426956177,-1.107831597328186,5994.0,57.0
1701438681.0,478446259.0,-1.075163722038269,-1.1089396476745605,5994.0,38.0
1701438681.0,518392193.0,-1.0759491920471191,-1.1099355220794678,5994.0,56.0
1701438681.0,569078327.0,-1.077113389968872,-1.1110016107559204,5994.0,50.0
1701438681.0,638643781.0,-1.0783617496490479,-1.1122920513153076,5994.0,45.0
1701438681.0,698584689.0,-1.0796101093292236,-1.113708734512329,5994.0,39.0
1701438681.0,729102205.0,-1.0803534984588623,-1.1143959760665894,5994.0,51.0
1701438681.0,778703811.0,-1.081405520439148,-1.1154059171676636,5994.0,48.0
1701438681.0,828790419.0,-1.0824575424194336,-1.1165000200271606,5994.0,46.0
1701438681.0,878928712.0,-1.0824013948440552,-1.1164579391479492,5994.0,43.0
1701438681.0,919016728.0,-1.0824154615402222,-1.1164298057556152,5994.0,42.0
1701438681.0,969570060.0,-1.0824154615402222,-1.1164438724517822,6000.0,48.0
1701438682.0,39172877.0,-1.0836358070373535,-1.1175940036773682,6003.0,45.0
1701438682.0,78323072.0,-1.0835235118865967,-1.1174677610397339,6003.0,49.0
1701438682.0,129766525.0,-1.083369255065918,-1.1171733140945435,6003.0,39.0
1701438682.0,198332406.0,-1.0833412408828735,-1.117131233215332,6005.0,42.0
1701438682.0,229355289.0,-1.083355188369751,-1.117131233215332,6014.0,37.0
1701438682.0,290877439.0,-1.083355188369751,-1.1171451807022095,6033.0,26.0
1701438682.0,320584577.0,-1.083355188369751,-1.1171451807022095,6042.0,38.0
1701438682.0,390649449.0,-1.0805920362472534,-1.1169629096984863,6062.0,46.0
1701438682.0,440313661.0,-1.0766645669937134,-1.1173555850982666,6077.0,39.0
1701438682.0,480907755.0,-1.073185920715332,-1.117692232131958,6090.0,42.0
1701438682.0,529879200.0,-1.067603349685669,-1.1178184747695923,6105.0,61.0
1701438682.0,580570708.0,-1.060491919517517,-1.1186039447784424,6119.0,55.0
1701438682.0,629910759.0,-1.051809549331665,-1.118295431137085,6134.0,43.0
1701438682.0,680103395.0,-1.0418927669525146,-1.117692232131958,6135.0,43.0
1701438682.0,740759808.0,-1.0271087884902954,-1.1184496879577637,6135.0,42.0
1701438682.0,790167621.0,-1.0188751220703125,-1.119080901145935,6137.0,42.0
1701438682.0,820538422.0,-1.0181597471237183,-1.1189125776290894,6146.0,77.0
1701438682.0,880466779.0,-1.004245400428772,-1.119431495666504,6150.0,54.0
1701438682.0,929322362.0,-0.9919862151145935,-1.1201889514923096,6150.0,67.0
1701438683.0,544919.0,-0.9750280976295471,-1.1212409734725952,6150.0,58.0
1701438683.0,110880124.0,-0.9510987997055054,-1.1237376928329468,6159.0,43.0
1701438683.0,190791462.0,-0.9321208596229553,-1.1250982284545898,6159.0,39.0
1701438683.0,251056699.0,-0.9317421913146973,-1.1251263618469238,6174.0,57.0
1701438683.0,272168976.0,-0.9317281246185303,-1.1251263618469238,6179.0,45.0
1701438683.0,352206895.0,-0.9317421913146973,-1.1251403093338013,6195.0,55.0
1701438683.0,407201613.0,-0.9317141175270081,-1.1251684427261353,6195.0,45.0
1701438683.0,432218642.0,-0.9317421913146973,-1.1251263618469238,6195.0,48.0
1701438683.0,481215096.0,-0.9321349263191223,-1.1250842809677124,6195.0,57.0
1701438683.0,540275384.0,-0.9320507645606995,-1.1251122951507568,6195.0,51.0
1701438683.0,571469817.0,-0.9319806098937988,-1.1251122951507568,6195.0,56.0
1701438683.0,651376777.0,-0.9319525361061096,-1.1251263618469238,6195.0,49.0
1701438683.0,672035394.0,-0.9319525361061096,-1.1251263618469238,6195.0,61.0
1701438683.0,761667896.0,-0.9319666028022766,-1.1251263618469238,6195.0,61.0
1701438683.0,781509720.0,-0.9319666028022766,-1.1251263618469238,6195.0,61.0
1701438683.0,832002229.0,-0.9319806098937988,-1.1251964569091797,6195.0,63.0
1701438683.0,881748517.0,-0.9340004324913025,-1.1277072429656982,6195.0,54.0
1701438683.0,921877511.0,-0.9364410638809204,-1.1302179098129272,6195.0,42.0
1701438683.0,992036835.0,-0.9407051205635071,-1.1341032981872559,6206.0,67.0
1701438684.0,42224950.0,-0.9483916759490967,-1.1418179273605347,6207.0,51.0
1701438684.0,82207422.0,-0.9529362916946411,-1.1460959911346436,6210.0,47.0
1701438684.0,132000904.0,-0.955082356929779,-1.1482701301574707,6225.0,38.0
1701438684.0,182041031.0,-0.9635543823242188,-1.157120943069458,6225.0,57.0
1701438684.0,422370005.0,-0.9772863984107971,-1.1760426759719849,6287.0,66.0
1701438684.0,452421059.0,-0.9806247353553772,-1.180180549621582,6297.0,86.0
1701438684.0,482830077.0,-0.982167661190033,-1.1822705268859863,6303.0,93.0
1701438684.0,522907010.0,-0.9833598732948303,-1.183294415473938,6314.0,56.0
1701438684.0,532532330.0,-0.9834721088409424,-1.1834768056869507,6318.0,86.0
1701438684.0,552797264.0,-0.9836123585700989,-1.1837713718414307,6323.0,82.0
1701438684.0,562815332.0,-0.983430027961731,-1.1837713718414307,6327.0,61.0
1701438684.0,612639637.0,-0.9837105870246887,-1.1849075555801392,6342.0,50.0
1701438684.0,642849447.0,-0.9843137264251709,-1.1858052015304565,6351.0,45.0
1701438684.0,682681362.0,-0.9852394461631775,-1.1862119436264038,6362.0,44.0
1701438684.0,742778082.0,-0.988900363445282,-1.1913176774978638,6377.0,45.0
1701438684.0,772834789.0,-0.9889424443244934,-1.1914018392562866,6387.0,51.0
1701438684.0,838521446.0,-0.9946372509002686,-1.19826078414917,6401.0,74.0
1701438684.0,888228950.0,-0.9980877637863159,-1.2025949954986572,6412.0,63.0
1701438684.0,938065090.0,-0.9980877637863159,-1.2025949954986572,6427.0,53.0
1701438684.0,979118842.0,-1.0013840198516846,-1.2042921781539917,6440.0,57.0
1701438685.0,29219828.0,-1.0049748420715332,-1.2076445817947388,6452.0,52.0
1701438685.0,59234488.0,-1.005115032196045,-1.207251787185669,6461.0,43.0
1701438685.0,159614362.0,-1.0122966766357422,-1.2131009101867676,6488.0,47.0
1701438685.0,179345853.0,-1.0122966766357422,-1.2131009101867676,6493.0,33.0
1701438685.0,219432396.0,-1.017738938331604,-1.2187535762786865,6503.0,45.0
1701438685.0,299667967.0,-1.0283851623535156,-1.2297364473342896,6515.0,40.0
1701438685.0,333607001.0,-1.028721809387207,-1.229750394821167,6526.0,46.0
1701438685.0,383672115.0,-1.0320740938186646,-1.2325698137283325,6537.0,50.0
1701438685.0,433696369.0,-1.035468578338623,-1.2360203266143799,6549.0,38.0
1701438685.0,484084687.0,-1.0428184270858765,-1.2436507940292358,6559.0,47.0
1701438685.0,525210194.0,-1.0457500219345093,-1.246960997581482,6565.0,66.0
1701438685.0,574085182.0,-1.0524827241897583,-1.253988265991211,6574.0,39.0
1701438685.0,674019357.0,-1.0582056045532227,-1.2611699104309082,6598.0,65.0
1701438685.0,704108084.0,-1.0599027872085571,-1.2626006603240967,6606.0,44.0
1701438685.0,754179634.0,-1.05998694896698,-1.2623200416564941,6621.0,50.0
1701438685.0,784200586.0,-1.0616140365600586,-1.2638911008834839,6630.0,42.0
1701438685.0,833284089.0,-1.0688097476959229,-1.270553708076477,6640.0,61.0
1701438685.0,884550410.0,-1.070647120475769,-1.272278904914856,6648.0,65.0
1701438685.0,944446268.0,-1.0737470388412476,-1.2757014036178589,6666.0,72.0
1701438685.0,994579041.0,-1.075458288192749,-1.2775108814239502,6675.0,46.0
1701438686.0,45079477.0,-1.0793015956878662,-1.2813681364059448,6690.0,51.0
1701438686.0,84997383.0,-1.0789929628372192,-1.2811577320098877,6700.0,59.0
1701438686.0,134636524.0,-1.081349492073059,-1.2831915616989136,6715.0,47.0
1701438686.0,184727614.0,-1.0838180780410767,-1.2859127521514893,6729.0,51.0
1701438686.0,234783114.0,-1.0858800411224365,-1.2884656190872192,6744.0,63.0
1701438686.0,285102050.0,-1.090410590171814,-1.2932486534118652,6756.0,59.0
1701438686.0,344953488.0,-1.093748927116394,-1.2966711521148682,6771.0,41.0
1701438686.0,425056270.0,-1.099107027053833,-1.30181884765625,6793.0,52.0
1701438686.0,455089276.0,-1.1049140691757202,-1.3082009553909302,6796.0,52.0
1701438686.0,485246597.0,-1.1062606573104858,-1.309463381767273,6802.0,35.0
1701438686.0,536644170.0,-1.1065411567687988,-1.309743881225586,6817.0,51.0
1701438686.0,584304124.0,-1.1065411567687988,-1.309743881225586,6831.0,35.0
1701438686.0,645566609.0,-1.1068637371063232,-1.30996835231781,6850.0,49.0
1701438686.0,696615727.0,-1.1077754497528076,-1.3112868070602417,6865.0,45.0
1701438686.0,725610829.0,-1.107522964477539,-1.311413049697876,6874.0,56.0
1701438686.0,776455812.0,-1.1088836193084717,-1.3116514682769775,6889.0,37.0
1701438686.0,846221246.0,-1.1099215745925903,-1.3132364749908447,6909.0,51.0
1701438686.0,885768645.0,-1.1124603748321533,-1.315326452255249,6919.0,69.0
1701438686.0,936411269.0,-1.1129792928695679,-1.3154667615890503,6934.0,44.0
1701438686.0,985777912.0,-1.1129653453826904,-1.3154667615890503,6948.0,51.0
1701438687.0,35828590.0,-1.1190388202667236,-1.3211615085601807,6958.0,33.0
1701438687.0,85910768.0,-1.122994303703308,-1.3246681690216064,6970.0,44.0
1701438687.0,126085535.0,-1.1257715225219727,-1.327964425086975,6979.0,38.0
1701438687.0,176752681.0,-1.130414366722107,-1.3316253423690796,6991.0,39.0
1701438687.0,245337195.0,-1.1324061155319214,-1.3347532749176025,7005.0,47.0
1701438687.0,306206551.0,-1.1371049880981445,-1.33987295627594,7023.0,62.0
1701438687.0,355267036.0,-1.139980435371399,-1.340448021888733,7038.0,48.0
1701438687.0,385311568.0,-1.1412849426269531,-1.3419208526611328,7047.0,38.0
1701438687.0,446581873.0,-1.146937608718872,-1.3477978706359863,7060.0,60.0
1701438687.0,486523838.0,-1.1497989892959595,-1.3511362075805664,7071.0,62.0
1701438687.0,546535379.0,-1.1510754823684692,-1.3526791334152222,7089.0,41.0
1701438687.0,577570163.0,-1.1513139009475708,-1.3531701564788818,7099.0,54.0
1701438687.0,658598040.0,-1.156040906906128,-1.3582477569580078,7120.0,59.0
1701438687.0,687874882.0,-1.156040906906128,-1.3580092191696167,7129.0,45.0
1701438687.0,757768463.0,-1.1586778163909912,-1.360618233680725,7149.0,50.0
1701438687.0,789027521.0,-1.1586778163909912,-1.360604166984558,7158.0,29.0
1701438687.0,837888573.0,-1.1607818603515625,-1.3628484010696411,7170.0,44.0
1701438687.0,888003658.0,-1.1617076396942139,-1.3631149530410767,7185.0,53.0
1701438687.0,928113638.0,-1.162984013557434,-1.3637741804122925,7198.0,49.0
1701438687.0,976376255.0,-1.1646811962127686,-1.3650225400924683,7213.0,32.0
1701438688.0,46299266.0,-1.1657893657684326,-1.3668179512023926,7233.0,67.0
1701438688.0,87385063.0,-1.1667150259017944,-1.368234634399414,7246.0,37.0
1701438688.0,137624633.0,-1.1682579517364502,-1.3705350160598755,7261.0,38.0
1701438688.0,187756636.0,-1.1705021858215332,-1.3734805583953857,7272.0,57.0
1701438688.0,237391379.0,-1.1708108186721802,-1.3740135431289673,7287.0,56.0
1701438688.0,287484534.0,-1.1744155883789062,-1.377323865890503,7302.0,51.0
1701438688.0,327605857.0,-1.1740509271621704,-1.3781934976577759,7315.0,27.0
1701438688.0,397680031.0,-1.1755658388137817,-1.3816580772399902,7335.0,37.0
1701438688.0,447894805.0,-1.1785393953323364,-1.3848280906677246,7347.0,38.0
1701438688.0,487880652.0,-1.178244948387146,-1.384940266609192,7360.0,45.0
1701438688.0,537802950.0,-1.1781888008117676,-1.3850244283676147,7375.0,38.0
1701438688.0,587717513.0,-1.1807276010513306,-1.3878437280654907,7389.0,60.0
1701438688.0,638051665.0,-1.1857210397720337,-1.3927950859069824,7396.0,63.0
1701438688.0,687981879.0,-1.1876146793365479,-1.3948570489883423,7410.0,48.0
1701438688.0,748176368.0,-1.1884281635284424,-1.396371841430664,7428.0,50.0
1701438688.0,799402624.0,-1.1897186040878296,-1.3979989290237427,7443.0,55.0
1701438688.0,847275337.0,-1.1904619932174683,-1.3989667892456055,7458.0,54.0
1701438688.0,888444123.0,-1.1933515071868896,-1.400972604751587,7468.0,57.0
1701438688.0,937289916.0,-1.195637822151184,-1.40262770652771,7483.0,43.0
1701438689.0,8777479.0,-1.2027071714401245,-1.4103703498840332,7501.0,64.0
1701438689.0,39235139.0,-1.2068309783935547,-1.4142557382583618,7506.0,48.0
1701438689.0,88793396.0,-1.213732123374939,-1.4210586547851562,7513.0,45.0
1701438689.0,128669228.0,-1.217631459236145,-1.4253367185592651,7516.0,49.0
1701438689.0,178598638.0,-1.2209978103637695,-1.4279175996780396,7531.0,72.0
1701438689.0,248998393.0,-1.2275623083114624,-1.4351834058761597,7548.0,62.0
1701438689.0,468963522.0,-1.2388817071914673,-1.4472882747650146,7600.0,41.0
1701438689.0,488973083.0,-1.240200161933899,-1.449097752571106,7605.0,36.0
1701438689.0,549088346.0,-1.2420657873153687,-1.450458288192749,7623.0,47.0
1701438689.0,579078830.0,-1.2422200441360474,-1.4508650302886963,7633.0,40.0
1701438689.0,608303703.0,-1.2422200441360474,-1.4509632587432861,7642.0,48.0
1701438689.0,649362917.0,-1.2432159185409546,-1.4514962434768677,7653.0,58.0
1701438689.0,679232872.0,-1.243272066116333,-1.451622486114502,7662.0,55.0
1701438689.0,708326145.0,-1.2430475950241089,-1.4517207145690918,7671.0,52.0
1701438689.0,738321166.0,-1.2467365264892578,-1.4551150798797607,7681.0,52.0
1701438689.0,769559586.0,-1.2495559453964233,-1.4579204320907593,7690.0,60.0
1701438689.0,810801324.0,-1.2505518198013306,-1.4587340354919434,7701.0,41.0
1701438689.0,839590496.0,-1.2504956722259521,-1.4587900638580322,7710.0,48.0
1701438689.0,890750844.0,-1.250299334526062,-1.4582290649414062,7725.0,50.0
1701438689.0,929711670.0,-1.250285267829895,-1.4582290649414062,7738.0,36.0
1701438689.0,999731934.0,-1.2511128187179565,-1.4591126441955566,7758.0,38.0
1701438690.0,50775687.0,-1.2511268854141235,-1.4590846300125122,7773.0,31.0
1701438690.0,90006196.0,-1.2524313926696777,-1.4599262475967407,7786.0,68.0
1701438690.0,139904774.0,-1.2538620233535767,-1.4625071287155151,7801.0,68.0
1701438690.0,189863010.0,-1.2594025135040283,-1.4686086177825928,7815.0,55.0
1701438690.0,250175225.0,-1.2596129179000854,-1.4689313173294067,7834.0,49.0
1701438690.0,290841870.0,-1.2601039409637451,-1.4696887731552124,7845.0,52.0
1701438690.0,371008664.0,-1.261240005493164,-1.4710633754730225,7869.0,40.0
1701438690.0,401178135.0,-1.262404203414917,-1.4713718891143799,7878.0,39.0
1701438690.0,431253616.0,-1.2628670930862427,-1.4715402126312256,7887.0,78.0
1701438690.0,479299191.0,-1.2694876194000244,-1.4762952327728271,7899.0,48.0
1701438690.0,539307140.0,-1.2700066566467285,-1.4759726524353027,7918.0,50.0
1701438690.0,590366972.0,-1.2716056108474731,-1.4767301082611084,7932.0,49.0
1701438690.0,640440424.0,-1.2719422578811646,-1.4775155782699585,7944.0,45.0
1701438690.0,670450463.0,-1.2720264196395874,-1.4774314165115356,7950.0,41.0
1701438690.0,731286109.0,-1.2721526622772217,-1.4771227836608887,7957.0,32.0
1701438690.0,800698645.0,-1.2721807956695557,-1.4771227836608887,7957.0,38.0
1701438690.0,850896904.0,-1.272194743156433,-1.4770947694778442,7959.0,37.0
1701438690.0,892189133.0,-1.2721807956695557,-1.4770666360855103,7972.0,38.0
1701438690.0,960937728.0,-1.2725454568862915,-1.4778101444244385,7992.0,44.0
1701438690.0,990901189.0,-1.2725313901901245,-1.477824091911316,8001.0,47.0
1701438691.0,40918469.0,-1.272489309310913,-1.477824091911316,8016.0,34.0
1701438691.0,91247278.0,-1.2740042209625244,-1.4784553050994873,8031.0,38.0
1701438691.0,151064317.0,-1.273948073387146,-1.4784412384033203,8049.0,36.0
1701438691.0,181067927.0,-1.273962140083313,-1.4784412384033203,8059.0,45.0
1701438691.0,251865287.0,-1.2743127346038818,-1.4786937236785889,8079.0,46.0
1701438691.0,292138219.0,-1.2743127346038818,-1.4786797761917114,8092.0,46.0
1701438691.0,340293690.0,-1.2743127346038818,-1.4786797761917114,8107.0,45.0
1701438691.0,391362127.0,-1.2749159336090088,-1.4792407751083374,8121.0,48.0
1701438691.0,441530653.0,-1.2760801315307617,-1.480376958847046,8136.0,56.0
1701438691.0,491944060.0,-1.2764447927474976,-1.4807837009429932,8143.0,56.0
1701438691.0,551524639.0,-1.2764588594436646,-1.4807556867599487,8143.0,43.0
1701438691.0,601651810.0,-1.276795506477356,-1.4810502529144287,8143.0,51.0
1701438691.0,661668712.0,-1.2779176235198975,-1.4821162223815918,8143.0,61.0
1701438691.0,691998220.0,-1.2784085273742676,-1.4826912879943848,8143.0,47.0
1701438691.0,761784485.0,-1.279558777809143,-1.483981728553772,8143.0,44.0
1701438691.0,791800542.0,-1.279558777809143,-1.4840238094329834,8143.0,32.0
1701438691.0,841892617.0,-1.2793623208999634,-1.4837994575500488,8148.0,43.0
1701438691.0,903423140.0,-1.279320240020752,-1.4840238094329834,8167.0,41.0
1701438691.0,952038222.0,-1.2793062925338745,-1.4846270084381104,8181.0,34.0
1701438691.0,983440911.0,-1.2796709537506104,-1.4845569133758545,8191.0,45.0
1701438692.0,63427133.0,-1.2812278270721436,-1.486240029335022,8215.0,50.0
1701438692.0,92534131.0,-1.2812418937683105,-1.4863241910934448,8224.0,55.0
1701438692.0,132523679.0,-1.2812138795852661,-1.486240029335022,8235.0,48.0
1701438692.0,192399226.0,-1.281003475189209,-1.4860998392105103,8253.0,34.0
1701438692.0,242367528.0,-1.281017541885376,-1.4860998392105103,8268.0,46.0
1701438692.0,292632035.0,-1.2810314893722534,-1.4861137866973877,8283.0,46.0
1701438692.0,332809202.0,-1.2810314893722534,-1.4861137866973877,8296.0,48.0
1701438692.0,383520457.0,-1.2794325351715088,-1.4860156774520874,8311.0,42.0
1701438692.0,452685855.0,-1.2736395597457886,-1.4863944053649902,8331.0,54.0
1701438692.0,493027773.0,-1.268365502357483,-1.4866608381271362,8344.0,55.0
1701438692.0,543416010.0,-1.260384440422058,-1.4875725507736206,8359.0,50.0
1701438692.0,592879110.0,-1.2555732727050781,-1.4885263442993164,8370.0,53.0
1701438692.0,673044899.0,-1.2518142461776733,-1.4893258810043335,8394.0,42.0
1701438692.0,703549114.0,-1.2482514381408691,-1.4897466897964478,8404.0,45.0
1701438692.0,732262763.0,-1.2449692487716675,-1.4899570941925049,8413.0,38.0
1701438692.0,783893922.0,-1.2386572360992432,-1.4900692701339722,8425.0,46.0
1701438692.0,883153431.0,-1.235347032546997,-1.4901254177093506,8454.0,40.0
1701438692.0,893353057.0,-1.235347032546997,-1.4901254177093506,8458.0,52.0
1701438693.0,124338005.0,-1.203043818473816,-1.4891856908798218,8493.0,81.0
1701438693.0,174206628.0,-1.1992987394332886,-1.488512396812439,8508.0,56.0
1701438693.0,214362094.0,-1.1983028650283813,-1.4883861541748047,8521.0,51.0
1701438693.0,254179413.0,-1.1902656555175781,-1.4886386394500732,8524.0,49.0
1701438693.0,284069218.0,-1.1861979961395264,-1.488989233970642,8524.0,45.0
1701438693.0,314188836.0,-1.1834347248077393,-1.4890313148498535,8524.0,38.0
1701438693.0,343006902.0,-1.1814148426055908,-1.4892557859420776,8524.0,39.0
1701438693.0,373213110.0,-1.1801104545593262,-1.4894942045211792,8524.0,47.0
1701438693.0,393654830.0,-1.1798299551010132,-1.4894942045211792,8524.0,52.0
1701438693.0,422893702.0,-1.1799139976501465,-1.4894100427627563,8524.0,49.0
1701438693.0,453137790.0,-1.179956078529358,-1.4894100427627563,8524.0,52.0
1701438693.0,492949632.0,-1.1792408227920532,-1.489662528038025,8524.0,58.0
1701438693.0,533030365.0,-1.1778241395950317,-1.489858865737915,8524.0,40.0
1701438693.0,582741524.0,-1.176758050918579,-1.4897046089172363,8524.0,44.0
1701438693.0,653161252.0,-1.1774874925613403,-1.4897046089172363,8524.0,42.0
1701438693.0,692854628.0,-1.177445411682129,-1.4897466897964478,8524.0,52.0
1701438693.0,762549016.0,-1.1773051023483276,-1.489676594734192,8524.0,39.0
1701438693.0,792520976.0,-1.1772770881652832,-1.489676594734192,8524.0,53.0
1701438693.0,852840440.0,-1.1773051023483276,-1.489676594734192,8524.0,39.0
1701438693.0,892518306.0,-1.1772910356521606,-1.489676594734192,8524.0,50.0
1701438693.0,952453127.0,-1.1772910356521606,-1.489676594734192,8524.0,40.0
1701438694.0,2166925.0,-1.1772910356521606,-1.489676594734192,8524.0,48.0
1701438694.0,62347864.0,-1.1773191690444946,-1.4897046089172363,8524.0,54.0
1701438694.0,92490099.0,-1.1773191690444946,-1.4897186756134033,8530.0,56.0
1701438694.0,163512820.0,-1.182999849319458,-1.4956799745559692,8533.0,51.0
1701438694.0,211277440.0,-1.1895784139633179,-1.502566933631897,8533.0,47.0
1701438694.0,272087705.0,-1.197699785232544,-1.5115299224853516,8536.0,47.0
1701438694.0,292188360.0,-1.2014307975769043,-1.5157378911972046,8536.0,69.0
1701438694.0,322312523.0,-1.2073359489440918,-1.5228493213653564,8536.0,67.0
1701438694.0,382045509.0,-1.214307188987732,-1.5305780172348022,8542.0,43.0
1701438694.0,452131942.0,-1.2270432710647583,-1.5437910556793213,8548.0,54.0
1701438694.0,492057175.0,-1.2349121570587158,-1.5523051023483276,8548.0,35.0
1701438694.0,562598484.0,-1.2447588443756104,-1.5624042749404907,8556.0,66.0
1701438694.0,611882663.0,-1.2548719644546509,-1.5738359689712524,8557.0,63.0
1701438694.0,641352854.0,-1.2611137628555298,-1.5807089805603027,8557.0,55.0
1701438694.0,691838914.0,-1.2718020677566528,-1.5915234088897705,8557.0,52.0
1701438694.0,731912424.0,-1.2801759243011475,-1.6006686687469482,8557.0,62.0
1701438694.0,781838815.0,-1.2868385314941406,-1.6083552837371826,8560.0,41.0
1701438694.0,851728030.0,-1.3016645908355713,-1.6238266229629517,8563.0,52.0
1701438694.0,891731083.0,-1.3101506233215332,-1.6327894926071167,8563.0,69.0
1701438694.0,961234846.0,-1.3249346017837524,-1.6484992504119873,8563.0,42.0
1701438695.0,11581774.0,-1.3355106115341187,-1.6593137979507446,8563.0,42.0
1701438695.0,51626352.0,-1.3442631959915161,-1.6679120063781738,8563.0,68.0
1701438695.0,92986605.0,-1.3523565530776978,-1.6760194301605225,8563.0,43.0
1701438695.0,150274933.0,-1.3651487827301025,-1.6893446445465088,8563.0,48.0
1701438695.0,181236615.0,-1.3715729713439941,-1.696189522743225,8563.0,63.0
1701438695.0,261152617.0,-1.3878157138824463,-1.7128671407699585,8566.0,51.0
1701438695.0,291354047.0,-1.3932019472122192,-1.7188705205917358,8569.0,42.0
1701438695.0,341104359.0,-1.398069143295288,-1.7239340543746948,8575.0,42.0
1701438695.0,391198885.0,-1.3995980024337769,-1.7260380983352661,8589.0,44.0
1701438695.0,470986530.0,-1.4088555574417114,-1.7360390424728394,8601.0,43.0
1701438695.0,521008254.0,-1.4192211627960205,-1.747148036956787,8605.0,54.0
1701438695.0,550929953.0,-1.4256032705307007,-1.7538808584213257,8605.0,49.0
1701438695.0,601197805.0,-1.436179280281067,-1.7650880813598633,8605.0,37.0
1701438695.0,651061552.0,-1.4430102109909058,-1.7709791660308838,8616.0,66.0
1701438695.0,690927814.0,-1.4517487287521362,-1.7798439264297485,8617.0,72.0
1701438695.0,820697009.0,-1.4793249368667603,-1.8090472221374512,8617.0,57.0
1701438695.0,850890280.0,-1.4859174489974976,-1.8157098293304443,8617.0,49.0
1701438695.0,891616562.0,-1.491317629814148,-1.8213626146316528,8619.0,71.0
1701438695.0,920602001.0,-1.4978680610656738,-1.828011155128479,8623.0,70.0
1701438695.0,950543114.0,-1.5041519403457642,-1.8346316814422607,8623.0,46.0
1701438696.0,808791.0,-1.514896273612976,-1.845796823501587,8623.0,64.0
1701438696.0,45937172.0,-1.524181842803955,-1.8555452823638916,8623.0,54.0
1701438696.0,95611903.0,-1.5350664854049683,-1.866359829902649,8623.0,52.0
1701438696.0,145412738.0,-1.5459932088851929,-1.8774547576904297,8623.0,50.0
1701438696.0,185327912.0,-1.5548158884048462,-1.8863476514816284,8623.0,55.0
1701438696.0,234257385.0,-1.5646485090255737,-1.8959558010101318,8623.0,56.0
1701438696.0,285218482.0,-1.5751965045928955,-1.907135009765625,8626.0,49.0
1701438696.0,336578161.0,-1.5855621099472046,-1.9180055856704712,8626.0,57.0
1701438696.0,395007637.0,-1.5979194641113281,-1.9311624765396118,8626.0,58.0
1701438696.0,445144643.0,-1.6088181734085083,-1.942846655845642,8626.0,41.0
1701438696.0,496344999.0,-1.6178653240203857,-1.9525669813156128,8632.0,57.0
1701438696.0,554979271.0,-1.630405068397522,-1.9657800197601318,8632.0,83.0
1701438696.0,584965611.0,-1.6369132995605469,-1.9723023176193237,8632.0,60.0
1701438696.0,655620410.0,-1.6522724628448486,-1.9872406721115112,8632.0,69.0
1701438696.0,684821373.0,-1.6586123704910278,-1.9938050508499146,8632.0,63.0
1701438696.0,735731568.0,-1.6696091890335083,-2.004535436630249,8632.0,63.0
1701438696.0,784799252.0,-1.68025541305542,-2.015882968902588,8632.0,38.0
1701438696.0,864687868.0,-1.6974378824234009,-2.033724784851074,8632.0,86.0
1701438696.0,895165009.0,-1.703918218612671,-2.0402610301971436,8632.0,64.0
1701438696.0,974669856.0,-1.7213952541351318,-2.0581588745117188,8632.0,43.0
1701438697.0,9857686.0,-1.729151964187622,-2.065887451171875,8632.0,48.0
1701438697.0,49868510.0,-1.7377502918243408,-2.0746400356292725,8632.0,41.0
1701438697.0,99528745.0,-1.747456669807434,-2.0846409797668457,8635.0,50.0
1701438697.0,129635367.0,-1.7539088726043701,-2.0908267498016357,8635.0,45.0
1701438697.0,199516220.0,-1.7597719430923462,-2.0965495109558105,8649.0,32.0
1701438697.0,249414818.0,-1.7600805759429932,-2.096325159072876,8664.0,60.0
1701438697.0,289804294.0,-1.7671078443527222,-2.1039416790008545,8671.0,60.0
1701438697.0,340751498.0,-1.7777540683746338,-2.1151628494262695,8671.0,55.0
1701438697.0,389243558.0,-1.7881757020950317,-2.1265103816986084,8671.0,57.0
1701438697.0,438298890.0,-1.7967599630355835,-2.1355714797973633,8674.0,51.0
1701438697.0,489342429.0,-1.805161952972412,-2.144071578979492,8677.0,67.0
1701438697.0,549088064.0,-1.8149945735931396,-2.1540024280548096,8682.0,62.0
1701438697.0,599211284.0,-1.8254162073135376,-2.1648027896881104,8683.0,36.0
1701438697.0,648333250.0,-1.8363709449768066,-2.1758697032928467,8683.0,47.0
1701438697.0,708967811.0,-1.8497523069381714,-2.1888585090637207,8683.0,61.0
1701438697.0,739582654.0,-1.8562606573104858,-2.1955349445343018,8683.0,53.0
1701438697.0,769037799.0,-1.8629653453826904,-2.202043294906616,8683.0,61.0
1701438697.0,838837960.0,-1.8779035806655884,-2.2181038856506348,8683.0,64.0
1701438697.0,899381009.0,-1.886277437210083,-2.2267019748687744,8689.0,63.0
1701438697.0,928865247.0,-1.890485405921936,-2.230980157852173,8698.0,47.0
1701438697.0,979226833.0,-1.9011175632476807,-2.24208927154541,8698.0,44.0
1701438698.0,59560379.0,-1.9141201972961426,-2.255133867263794,8707.0,88.0
1701438698.0,88805944.0,-1.9197027683258057,-2.260716438293457,8710.0,56.0
1701438698.0,139229280.0,-1.9240089654922485,-2.2653591632843018,8719.0,47.0
1701438698.0,188518354.0,-1.924920678138733,-2.2662289142608643,8733.0,72.0
1701438698.0,238446739.0,-1.9325650930404663,-2.2735507488250732,8743.0,62.0
1701438698.0,288666708.0,-1.9422154426574707,-2.2829065322875977,8749.0,56.0
1701438698.0,348386322.0,-1.9548673629760742,-2.296273708343506,8749.0,56.0
1701438698.0,398396370.0,-1.9656116962432861,-2.307368755340576,8749.0,87.0
1701438698.0,459947379.0,-1.9783618450164795,-2.320974588394165,8749.0,52.0
1701438698.0,489728868.0,-1.9847439527511597,-2.327721357345581,8749.0,52.0
1701438698.0,559184413.0,-1.9918413162231445,-2.3348326683044434,8763.0,54.0
1701438698.0,590570456.0,-1.9984058141708374,-2.3414533138275146,8764.0,61.0
1701438698.0,648292582.0,-2.0093045234680176,-2.3527867794036865,8764.0,84.0
1701438698.0,689083263.0,-2.017930746078491,-2.361441135406494,8767.0,41.0
1701438698.0,748924663.0,-2.031017541885376,-2.3749067783355713,8767.0,54.0
1701438698.0,797965511.0,-2.0384936332702637,-2.382452964782715,8772.0,36.0
1701438698.0,828524231.0,-2.045198440551758,-2.389143705368042,8773.0,63.0
1701438698.0,908704957.0,-2.052450180053711,-2.39652156829834,8784.0,52.0
1701438698.0,938079871.0,-2.058551788330078,-2.401978015899658,8791.0,51.0
1701438698.0,988192852.0,-2.0623810291290283,-2.4064383506774902,8799.0,43.0
1701438699.0,37769807.0,-2.0672762393951416,-2.4124135971069336,8812.0,63.0
1701438699.0,87795168.0,-2.0752713680267334,-2.421082019805908,8821.0,54.0
1701438699.0,127783106.0,-2.0842623710632324,-2.4299328327178955,8821.0,51.0
1701438699.0,197597308.0,-2.0993969440460205,-2.445390224456787,8821.0,49.0
1701438699.0,247714232.0,-2.1102113723754883,-2.4564430713653564,8821.0,56.0
1701438699.0,307379578.0,-2.1230177879333496,-2.469712257385254,8821.0,53.0
1701438699.0,337728813.0,-2.129666328430176,-2.476388692855835,8821.0,62.0
1701438699.0,387667051.0,-2.1406912803649902,-2.4874558448791504,8821.0,65.0
1701438699.0,447644054.0,-2.153749942779541,-2.500654697418213,8821.0,58.0
1701438699.0,487388892.0,-2.162221908569336,-2.509575605392456,8821.0,68.0
1701438699.0,527446098.0,-2.1708483695983887,-2.5184404850006104,8821.0,66.0
1701438699.0,577431385.0,-2.1816909313201904,-2.529353141784668,8821.0,58.0
1701438699.0,627229868.0,-2.1923229694366455,-2.540672540664673,8821.0,61.0
1701438699.0,707183225.0,-2.209547519683838,-2.5583600997924805,8821.0,70.0
1701438699.0,737099865.0,-2.2159156799316406,-2.5651068687438965,8821.0,69.0
1701438699.0,787108156.0,-2.2265899181365967,-2.576131582260132,8821.0,48.0
1701438699.0,837923816.0,-2.2328457832336426,-2.5826680660247803,8829.0,42.0
1701438699.0,887031643.0,-2.2372078895568848,-2.5871846675872803,8839.0,85.0
1701438699.0,927088994.0,-2.2457921504974365,-2.595853090286255,8839.0,69.0
1701438699.0,976955606.0,-2.2520060539245605,-2.602010726928711,8845.0,42.0
1701438700.0,47004625.0,-2.2639987468719482,-2.6152517795562744,8854.0,51.0
1701438700.0,87185747.0,-2.2727231979370117,-2.623850107192993,8857.0,51.0
1701438700.0,157116949.0,-2.285936117172241,-2.6376521587371826,8860.0,73.0
1701438700.0,186734502.0,-2.2925848960876465,-2.6444270610809326,8860.0,57.0
1701438700.0,236923178.0,-2.303553581237793,-2.655550003051758,8860.0,37.0
1701438700.0,287148996.0,-2.3099637031555176,-2.662282705307007,8869.0,49.0
1701438700.0,326745635.0,-2.3178186416625977,-2.6702640056610107,8869.0,66.0
1701438700.0,397420849.0,-2.3319573402404785,-2.6849637031555176,8872.0,58.0
1701438700.0,447214291.0,-2.3409342765808105,-2.694403648376465,8872.0,48.0
1701438700.0,486857030.0,-2.349069833755493,-2.7028615474700928,8875.0,40.0
1701438700.0,556503084.0,-2.3577661514282227,-2.7124276161193848,8887.0,55.0
1701438700.0,586361375.0,-2.36435866355896,-2.718964099884033,8887.0,57.0
1701438700.0,665310039.0,-2.373405933380127,-2.7283198833465576,8892.0,82.0
1701438700.0,687655447.0,-2.375636100769043,-2.730802536010742,8893.0,51.0
1701438700.0,745271536.0,-2.377880334854126,-2.7333133220672607,8901.0,56.0
1701438700.0,795292910.0,-2.377852201461792,-2.7333273887634277,8911.0,33.0
1701438700.0,846067764.0,-2.377866268157959,-2.7333133220672607,8911.0,57.0
1701438700.0,906138927.0,-2.3780064582824707,-2.7333974838256836,8911.0,44.0
1701438700.0,936067573.0,-2.3787779808044434,-2.7340848445892334,8911.0,61.0
1701438700.0,985997008.0,-2.380208730697632,-2.735501527786255,8911.0,55.0
1701438701.0,36077260.0,-2.3815693855285645,-2.7368059158325195,8911.0,62.0
1701438701.0,86840136.0,-2.3828036785125732,-2.7380120754241943,8911.0,49.0
1701438701.0,126084456.0,-2.383603096008301,-2.7389941215515137,8911.0,38.0
1701438701.0,176031584.0,-2.384500741958618,-2.7401020526885986,8911.0,73.0
1701438701.0,246779112.0,-2.385763168334961,-2.7413926124572754,8911.0,45.0
1701438701.0,286046763.0,-2.386324167251587,-2.742065906524658,8911.0,69.0
1701438701.0,335764919.0,-2.3873202800750732,-2.7431459426879883,8911.0,82.0
1701438701.0,385682930.0,-2.388428211212158,-2.7442820072174072,8911.0,71.0
1701438701.0,435976807.0,-2.3893258571624756,-2.7453901767730713,8911.0,66.0
1701438701.0,485935313.0,-2.390293836593628,-2.7463719844818115,8911.0,47.0
1701438701.0,545557943.0,-2.391443967819214,-2.747676372528076,8911.0,56.0
1701438701.0,595614004.0,-2.3923416137695312,-2.7485320568084717,8911.0,65.0
1701438701.0,646700066.0,-2.3932113647460938,-2.749443769454956,8911.0,37.0
1701438701.0,686901643.0,-2.3940248489379883,-2.7502434253692627,8911.0,51.0
1701438701.0,735345223.0,-2.395174980163574,-2.7513513565063477,8911.0,65.0
1701438701.0,784325430.0,-2.3960447311401367,-2.752178907394409,8911.0,65.0
1701438701.0,846401324.0,-2.3971807956695557,-2.753385305404663,8911.0,54.0
1701438701.0,895230387.0,-2.3982748985290527,-2.754563570022583,8911.0,51.0
1701438701.0,945168848.0,-2.399354934692383,-2.755629539489746,8911.0,46.0
1701438702.0,75242935.0,-2.4017674922943115,-2.7580981254577637,8911.0,62.0
1701438702.0,105050072.0,-2.402623176574707,-2.759528875350952,8911.0,75.0
1701438702.0,135095733.0,-2.404236078262329,-2.761240243911743,8911.0,107.0
1701438702.0,165538770.0,-2.4055826663970947,-2.762334108352661,8911.0,67.0
1701438702.0,204285069.0,-2.4056527614593506,-2.7623202800750732,8911.0,71.0
1701438702.0,234945174.0,-2.405526638031006,-2.7620677947998047,8911.0,85.0
1701438702.0,285121690.0,-2.4052460193634033,-2.761815309524536,8911.0,81.0
1701438702.0,324981489.0,-2.4051759243011475,-2.7617311477661133,8911.0,98.0
1701438702.0,394875080.0,-2.402623176574707,-2.761254072189331,8911.0,79.0
1701438702.0,445519594.0,-2.3983170986175537,-2.7611560821533203,8911.0,74.0
1701438702.0,484984699.0,-2.3939967155456543,-2.761843204498291,8911.0,73.0
1701438702.0,534459770.0,-2.3878250122070312,-2.761983633041382,8911.0,75.0
1701438702.0,584643635.0,-2.3797457218170166,-2.7620818614959717,8911.0,62.0
1701438702.0,644851080.0,-2.36818790435791,-2.7621657848358154,8911.0,37.0
1701438702.0,685112561.0,-2.3600804805755615,-2.762558698654175,8911.0,62.0
1701438702.0,724705077.0,-2.3499674797058105,-2.7639331817626953,8911.0,62.0
1701438702.0,775815288.0,-2.3404152393341064,-2.764620542526245,8911.0,46.0
1701438702.0,844753270.0,-2.3307371139526367,-2.7649149894714355,8923.0,48.0
1701438702.0,884842460.0,-2.325575351715088,-2.765279769897461,8929.0,52.0
1701438702.0,935421096.0,-2.3189828395843506,-2.766429901123047,8941.0,57.0
1701438702.0,983269760.0,-2.3084347248077393,-2.7667524814605713,8943.0,51.0
1701438703.0,34221969.0,-2.296161651611328,-2.767622232437134,8944.0,65.0
1701438703.0,84498094.0,-2.283888339996338,-2.768604040145874,8944.0,55.0
1701438703.0,274023567.0,-2.242832660675049,-2.771577835083008,8947.0,56.0
1701438703.0,284203418.0,-2.241682529449463,-2.7716197967529297,8947.0,54.0
1701438703.0,323991751.0,-2.238287925720215,-2.7719004154205322,8947.0,51.0
1701438703.0,353957170.0,-2.2368853092193604,-2.7721667289733887,8947.0,45.0
1701438703.0,383937962.0,-2.23649263381958,-2.772096633911133,8947.0,50.0
1701438703.0,413990617.0,-2.2367310523986816,-2.771970510482788,8947.0,55.0
1701438703.0,444136241.0,-2.2368853092193604,-2.77191424369812,8947.0,61.0
1701438703.0,484250902.0,-2.235917568206787,-2.772096633911133,8947.0,56.0
1701438703.0,524118433.0,-2.2344167232513428,-2.7722790241241455,8947.0,67.0
1701438703.0,593827596.0,-2.234178304672241,-2.7722229957580566,8947.0,62.0
1701438703.0,643891690.0,-2.2350337505340576,-2.7721807956695557,8947.0,59.0
1701438703.0,683957974.0,-2.2352583408355713,-2.7722370624542236,8947.0,51.0
1701438703.0,753609870.0,-2.2350900173187256,-2.7722790241241455,8947.0,58.0
1701438703.0,785144775.0,-2.2351741790771484,-2.7722508907318115,8947.0,55.0
1701438703.0,833548349.0,-2.2352161407470703,-2.7722229957580566,8947.0,63.0
1701438703.0,883583798.0,-2.2352161407470703,-2.7722229957580566,8947.0,59.0
1701438703.0,924596453.0,-2.2352161407470703,-2.7722229957580566,8947.0,50.0
1701438703.0,994401946.0,-2.2352161407470703,-2.7722229957580566,8947.0,51.0
1701438704.0,44541734.0,-2.2351741790771484,-2.772545576095581,8947.0,67.0
1701438704.0,83467853.0,-2.23551082611084,-2.7735133171081543,8947.0,68.0
1701438704.0,133442065.0,-2.239297866821289,-2.7767534255981445,8953.0,66.0
1701438704.0,183987004.0,-2.2453713417053223,-2.7829673290252686,8953.0,61.0
1701438704.0,243491360.0,-2.2544045448303223,-2.7918460369110107,8956.0,83.0
1701438704.0,293161160.0,-2.2633395195007324,-2.801356077194214,8956.0,38.0
1701438704.0,322310323.0,-2.263507843017578,-2.8015525341033936,8962.0,55.0
1701438704.0,373097513.0,-2.270998001098633,-2.8088183403015137,8974.0,54.0
1701438704.0,443235455.0,-2.2813355922698975,-2.8197028636932373,8982.0,77.0
1701438704.0,483180788.0,-2.2897374629974365,-2.8284554481506348,8983.0,64.0
1701438704.0,532973820.0,-2.300790309906006,-2.839494228363037,8983.0,40.0
1701438704.0,583025525.0,-2.308504819869995,-2.846774101257324,8989.0,50.0
1701438704.0,633015319.0,-2.315490245819092,-2.8534789085388184,8995.0,54.0
1701438704.0,682374608.0,-2.3223490715026855,-2.859341859817505,9006.0,52.0
1701438704.0,742790213.0,-2.332308053970337,-2.869497060775757,9013.0,55.0
1701438704.0,792921616.0,-2.339096784591675,-2.8763279914855957,9019.0,47.0
1701438704.0,852627417.0,-2.3499815464019775,-2.8870022296905518,9022.0,48.0
1701438704.0,882969979.0,-2.356475830078125,-2.893216133117676,9022.0,38.0
1701438704.0,922867371.0,-2.3582570552825928,-2.894730806350708,9030.0,47.0
1701438704.0,982637385.0,-2.3690996170043945,-2.9063308238983154,9037.0,62.0
1701438705.0,33664446.0,-2.380040407180786,-2.917369842529297,9037.0,86.0
1701438705.0,62475325.0,-2.386282205581665,-2.9241867065429688,9037.0,57.0
1701438705.0,162519407.0,-2.407728910446167,-2.9462926387786865,9037.0,48.0
1701438705.0,172408548.0,-2.409945011138916,-2.9485228061676025,9037.0,49.0
1701438705.0,222381790.0,-2.420745372772217,-2.95953369140625,9037.0,40.0
1701438705.0,282522478.0,-2.4219517707824707,-2.9609782695770264,9052.0,52.0
1701438705.0,331271428.0,-2.4219517707824707,-2.9609782695770264,9067.0,80.0
1701438705.0,412238023.0,-2.429806709289551,-2.968552589416504,9088.0,67.0
1701438705.0,442403557.0,-2.43644118309021,-2.975145101547241,9088.0,43.0
1701438705.0,482149561.0,-2.440887689590454,-2.9795916080474854,9090.0,46.0
1701438705.0,521283769.0,-2.4469189643859863,-2.985931634902954,9097.0,48.0
1701438705.0,571304502.0,-2.457158327102661,-2.9953293800354004,9100.0,68.0
1701438705.0,642138308.0,-2.470189094543457,-3.0092155933380127,9103.0,54.0
1701438705.0,682249576.0,-2.4722931385040283,-3.010842800140381,9112.0,60.0
1701438705.0,732225004.0,-2.480849266052246,-3.018585443496704,9121.0,45.0
1701438705.0,781871836.0,-2.488816261291504,-3.0257108211517334,9127.0,77.0
1701438705.0,842053180.0,-2.4947917461395264,-3.0312373638153076,9133.0,65.0
1701438705.0,881918355.0,-2.501706838607788,-3.038390874862671,9139.0,60.0
1701438705.0,921952489.0,-2.5104031562805176,-3.047410011291504,9139.0,62.0
1701438705.0,963513501.0,-2.5188472270965576,-3.056288719177246,9139.0,78.0
1701438706.0,43051868.0,-2.534823417663574,-3.0722789764404297,9141.0,61.0
1701438706.0,101690909.0,-2.5442774295806885,-3.0819013118743896,9148.0,57.0
1701438706.0,131694427.0,-2.550827741622925,-3.08847975730896,9148.0,65.0
1701438706.0,181540219.0,-2.5618667602539062,-3.0993502140045166,9148.0,47.0
1701438706.0,231592605.0,-2.5728914737701416,-3.110361099243164,9148.0,55.0
1701438706.0,281311998.0,-2.583285093307495,-3.1212317943573,9148.0,64.0
1701438706.0,321641696.0,-2.5920376777648926,-3.1299562454223633,9148.0,70.0
1701438706.0,371378703.0,-2.599682331085205,-3.1377129554748535,9151.0,74.0
1701438706.0,442344365.0,-2.613274097442627,-3.150996208190918,9154.0,66.0
1701438706.0,500328204.0,-2.6262905597686768,-3.164377450942993,9154.0,62.0
1701438706.0,530277954.0,-2.632981300354004,-3.1709558963775635,9154.0,65.0
1701438706.0,581235883.0,-2.643767833709717,-3.1817424297332764,9154.0,68.0
1701438706.0,631232252.0,-2.6550309658050537,-3.1924164295196533,9154.0,51.0
1701438706.0,681917119.0,-2.666069984436035,-3.2034835815429688,9154.0,51.0
1701438706.0,741078741.0,-2.679142713546753,-3.2166824340820312,9154.0,55.0
1701438706.0,791028223.0,-2.6865487098693848,-3.224172592163086,9160.0,43.0
1701438706.0,841434747.0,-2.6969003677368164,-3.234748601913452,9163.0,68.0
1701438706.0,882689623.0,-2.703997850418091,-3.241663694381714,9163.0,59.0
1701438706.0,930912131.0,-2.7064664363861084,-3.245577096939087,9178.0,64.0
1701438706.0,980893090.0,-2.71730899810791,-3.2559847831726074,9181.0,59.0
1701438707.0,40254345.0,-2.725346088409424,-3.264176368713379,9187.0,29.0
1701438707.0,95762971.0,-2.7351367473602295,-3.2751171588897705,9192.0,49.0
1701438707.0,127126944.0,-2.741743326187134,-3.281541347503662,9192.0,40.0
1701438707.0,185777364.0,-2.7543671131134033,-3.294487714767456,9192.0,48.0
1701438707.0,235716240.0,-2.7642698287963867,-3.3049235343933105,9195.0,52.0
1701438707.0,286618643.0,-2.7729523181915283,-3.3135359287261963,9197.0,54.0
1701438707.0,366668405.0,-2.78556227684021,-3.3276045322418213,9207.0,62.0
1701438707.0,395546327.0,-2.7920284271240234,-3.334014654159546,9207.0,67.0
1701438707.0,446190004.0,-2.8030812740325928,-3.344787120819092,9207.0,51.0
1701438707.0,476404212.0,-2.80967378616333,-3.351351499557495,9207.0,52.0
1701438707.0,526128448.0,-2.819183826446533,-3.36149263381958,9210.0,72.0
1701438707.0,575379894.0,-2.829465389251709,-3.3721249103546143,9210.0,56.0
1701438707.0,655356166.0,-2.8459885120391846,-3.3878626823425293,9212.0,52.0
1701438707.0,685849111.0,-2.8526651859283447,-3.3944129943847656,9216.0,86.0
1701438707.0,734260824.0,-2.8636341094970703,-3.4052975177764893,9216.0,50.0
1701438707.0,775191779.0,-2.8680524826049805,-3.4097580909729004,9225.0,73.0
1701438707.0,845540954.0,-2.8836779594421387,-3.4249207973480225,9225.0,48.0
1701438707.0,876050226.0,-2.8887135982513428,-3.4299702644348145,9225.0,83.0
1701438707.0,935107041.0,-2.8977746963500977,-3.439704656600952,9231.0,79.0
1701438707.0,975090210.0,-2.899780511856079,-3.4424819946289062,9242.0,49.0
1701438708.0,35702190.0,-2.910061836242676,-3.453352689743042,9252.0,59.0
1701438708.0,95004774.0,-2.9209325313568115,-3.464517831802368,9255.0,66.0
1701438708.0,160176064.0,-2.9348888397216797,-3.4788107872009277,9260.0,41.0
1701438708.0,240174061.0,-2.9417479038238525,-3.485922336578369,9278.0,52.0
1701438708.0,290946037.0,-2.9506406784057617,-3.4946467876434326,9284.0,64.0
1701438708.0,309786470.0,-2.954974889755249,-3.49888277053833,9284.0,51.0
1701438708.0,339860134.0,-2.9591407775878906,-3.5027260780334473,9286.0,53.0
1701438708.0,370713243.0,-2.9616096019744873,-3.505250930786133,9290.0,61.0
1701438708.0,439984154.0,-2.9680898189544678,-3.5120959281921387,9308.0,80.0
1701438708.0,499641591.0,-2.9776980876922607,-3.5219004154205322,9310.0,73.0
1701438708.0,530547364.0,-2.9776980876922607,-3.5219004154205322,9320.0,38.0
1701438708.0,579559710.0,-2.9823548793792725,-3.5262064933776855,9331.0,52.0
1701438708.0,659512929.0,-2.9942493438720703,-3.5387182235717773,9341.0,63.0
1701438708.0,689994246.0,-2.9998600482940674,-3.544511318206787,9344.0,57.0
1701438708.0,719673182.0,-3.0049655437469482,-3.5499675273895264,9347.0,62.0
1701438708.0,789516774.0,-3.015331268310547,-3.5615394115448,9358.0,67.0
1701438708.0,839385256.0,-3.0233545303344727,-3.5702500343322754,9361.0,51.0
1701438708.0,879602375.0,-3.0296382904052734,-3.576673984527588,9368.0,66.0
1701438708.0,949233741.0,-3.0424306392669678,-3.590237855911255,9371.0,43.0
1701438708.0,978337338.0,-3.0468909740448,-3.5939548015594482,9379.0,46.0
1701438709.0,29141451.0,-3.056274652481079,-3.60361909866333,9380.0,32.0
1701438709.0,79219823.0,-3.0571162700653076,-3.6043906211853027,9394.0,50.0
1701438709.0,119364232.0,-3.0657708644866943,-3.613213300704956,9398.0,59.0
1701438709.0,169829458.0,-3.0764870643615723,-3.624392509460449,9398.0,55.0
1701438709.0,239391414.0,-3.091341257095337,-3.6401162147521973,9398.0,45.0
1701438709.0,301219012.0,-3.1020994186401367,-3.651407480239868,9401.0,51.0
1701438709.0,330358955.0,-3.107079029083252,-3.656695604324341,9407.0,73.0
1701438709.0,381031862.0,-3.1135592460632324,-3.6630356311798096,9409.0,44.0
1701438709.0,429842427.0,-3.1150460243225098,-3.6642839908599854,9424.0,56.0
1701438709.0,480058663.0,-3.1206986904144287,-3.670119047164917,9433.0,58.0
1701438709.0,728609788.0,-3.161712408065796,-3.7096879482269287,9461.0,72.0
1701438709.0,758789196.0,-3.1641108989715576,-3.7120864391326904,9467.0,48.0
1701438709.0,798751136.0,-3.165709972381592,-3.7138116359710693,9478.0,53.0
1701438709.0,808553526.0,-3.1680102348327637,-3.7159998416900635,9479.0,47.0
1701438709.0,838692107.0,-3.174686908721924,-3.7226064205169678,9479.0,31.0
1701438709.0,858777534.0,-3.1771135330200195,-3.725145101547241,9479.0,48.0
1701438709.0,888230017.0,-3.1798768043518066,-3.7282590866088867,9488.0,44.0
1701438709.0,918671263.0,-3.18359375,-3.731597423553467,9491.0,58.0
1701438709.0,988367291.0,-3.1878578662872314,-3.736534833908081,9511.0,53.0
1701438710.0,38475245.0,-3.1913645267486572,-3.7400693893432617,9523.0,50.0
1701438710.0,78535856.0,-3.194758892059326,-3.743281602859497,9530.0,58.0
1701438710.0,128501800.0,-3.200032949447632,-3.7490603923797607,9539.0,65.0
1701438710.0,198359935.0,-3.2104547023773193,-3.7603096961975098,9548.0,47.0
1701438710.0,228188563.0,-3.214536428451538,-3.7644896507263184,9550.0,61.0
1701438710.0,278249841.0,-3.225266695022583,-3.7757952213287354,9551.0,74.0
1701438710.0,338185169.0,-3.2379467487335205,-3.7892045974731445,9551.0,56.0
1701438710.0,367302378.0,-3.244483232498169,-3.795684814453125,9551.0,61.0
1701438710.0,447284775.0,-3.2615814208984375,-3.813652753829956,9551.0,62.0
1701438710.0,497983658.0,-3.2722556591033936,-3.824873924255371,9551.0,64.0
1701438710.0,528175133.0,-3.277613878250122,-3.8304286003112793,9551.0,57.0
1701438710.0,578129821.0,-3.2830281257629395,-3.8354220390319824,9563.0,48.0
1701438710.0,628673532.0,-3.2932255268096924,-3.845324754714966,9566.0,51.0
1701438710.0,677878569.0,-3.2991726398468018,-3.850893259048462,9574.0,52.0
1701438710.0,737774000.0,-3.304671049118042,-3.8567142486572266,9586.0,49.0
1701438710.0,788454512.0,-3.305260181427002,-3.8577804565429688,9601.0,38.0
1701438710.0,837896070.0,-3.3067328929901123,-3.8590848445892334,9616.0,54.0
1701438710.0,877559393.0,-3.3088510036468506,-3.861076593399048,9620.0,48.0
1701438710.0,927624324.0,-3.3107025623321533,-3.8635032176971436,9626.0,51.0
1701438710.0,977580037.0,-3.311908721923828,-3.8647234439849854,9626.0,57.0
1701438711.0,27718150.0,-3.3115720748901367,-3.864428997039795,9626.0,57.0
1701438711.0,87524046.0,-3.312062978744507,-3.8651022911071777,9626.0,55.0
1701438711.0,117605083.0,-3.313086986541748,-3.865985870361328,9626.0,57.0
1701438711.0,167454261.0,-3.314756155014038,-3.8674726486206055,9626.0,65.0
1701438711.0,237562517.0,-3.316593647003174,-3.8692820072174072,9626.0,43.0
1701438711.0,277162292.0,-3.31656551361084,-3.8696327209472656,9626.0,63.0
1701438711.0,377236774.0,-3.318697690963745,-3.8715264797210693,9626.0,64.0
1701438711.0,407215721.0,-3.3189501762390137,-3.8720173835754395,9626.0,61.0
1701438711.0,437348046.0,-3.319300889968872,-3.8726065158843994,9626.0,60.0
1701438711.0,477775989.0,-3.3201422691345215,-3.8735461235046387,9626.0,58.0
1701438711.0,557662770.0,-3.3219237327575684,-3.87555193901062,9626.0,41.0
1701438711.0,586832542.0,-3.322737216949463,-3.876253366470337,9626.0,76.0
1701438711.0,637049961.0,-3.323915481567383,-3.8775436878204346,9626.0,65.0
1701438711.0,677192125.0,-3.324925422668457,-3.878469467163086,9626.0,60.0
1701438711.0,747087802.0,-3.327127695083618,-3.880825996398926,9626.0,50.0
1701438711.0,776886755.0,-3.328993082046509,-3.88301420211792,9626.0,49.0
1701438711.0,826976866.0,-3.330620288848877,-3.884528875350952,9626.0,45.0
1701438711.0,886830910.0,-3.3308446407318115,-3.884697198867798,9626.0,51.0
1701438711.0,917156914.0,-3.3308446407318115,-3.884697198867798,9626.0,49.0
1701438711.0,987067397.0,-3.3308446407318115,-3.884697198867798,9626.0,45.0
1701438712.0,37406136.0,-3.3308446407318115,-3.884711265563965,9626.0,54.0
1701438712.0,76560613.0,-3.3307604789733887,-3.884669303894043,9626.0,40.0
1701438712.0,126642358.0,-3.328810691833496,-3.8845009803771973,9626.0,40.0
1701438712.0,197115170.0,-3.322737216949463,-3.8849778175354004,9626.0,54.0
1701438712.0,226599674.0,-3.319356918334961,-3.8849918842315674,9626.0,77.0
1701438712.0,286602172.0,-3.3112916946411133,-3.885300397872925,9626.0,38.0
1701438712.0,336489035.0,-3.3028335571289062,-3.88566517829895,9626.0,39.0
1701438712.0,386524158.0,-3.2964234352111816,-3.8864927291870117,9628.0,43.0
1701438712.0,416420801.0,-3.2908408641815186,-3.8861842155456543,9632.0,42.0
1701438712.0,477796578.0,-3.2881898880004883,-3.8866891860961914,9650.0,78.0
1701438712.0,526453186.0,-3.2769405841827393,-3.887460470199585,9653.0,69.0
1701438712.0,596629903.0,-3.263054370880127,-3.8876988887786865,9655.0,75.0
1701438712.0,625309258.0,-3.2587342262268066,-3.886787176132202,9661.0,70.0
1701438712.0,676510475.0,-3.2524642944335938,-3.8867170810699463,9667.0,45.0
1701438712.0,716342079.0,-3.2513983249664307,-3.886899471282959,9680.0,53.0
1701438712.0,785266209.0,-3.243936061859131,-3.8871378898620605,9697.0,44.0
1701438712.0,836580791.0,-3.2317330837249756,-3.888007640838623,9698.0,78.0
1701438712.0,876645872.0,-3.221998453140259,-3.88910174369812,9698.0,51.0
1701438712.0,946030001.0,-3.2051947116851807,-3.8905463218688965,9698.0,65.0
1701438712.0,975940869.0,-3.198868751525879,-3.890897035598755,9698.0,90.0
1701438713.0,25927706.0,-3.1916451454162598,-3.891472101211548,9698.0,59.0
1701438713.0,76137465.0,-3.188054323196411,-3.892019271850586,9698.0,56.0
1701438713.0,116033942.0,-3.1865954399108887,-3.8921875953674316,9698.0,58.0
1701438713.0,166017738.0,-3.1874091625213623,-3.892089366912842,9698.0,51.0
1701438713.0,236039011.0,-3.188236713409424,-3.892075300216675,9698.0,62.0
1701438713.0,315928018.0,-3.1879279613494873,-3.8921172618865967,9698.0,49.0
1701438713.0,345666023.0,-3.1879279613494873,-3.8921172618865967,9698.0,60.0
1701438713.0,375636363.0,-3.1879420280456543,-3.8921172618865967,9698.0,60.0
1701438713.0,435632537.0,-3.1879560947418213,-3.8921172618865967,9698.0,49.0
1701438713.0,485575685.0,-3.1879560947418213,-3.8921172618865967,9698.0,41.0
1701438713.0,535555737.0,-3.1879560947418213,-3.8921172618865967,9698.0,54.0
1701438713.0,567159516.0,-3.1879560947418213,-3.8921172618865967,9698.0,52.0
1701438713.0,635998570.0,-3.1879560947418213,-3.8921172618865967,9698.0,55.0
1701438713.0,675524084.0,-3.1879560947418213,-3.8921172618865967,9698.0,62.0
1701438713.0,745382960.0,-3.1879560947418213,-3.8921172618865967,9698.0,54.0
1701438713.0,775367824.0,-3.1879560947418213,-3.8921172618865967,9698.0,60.0
1701438713.0,824309053.0,-3.1879560947418213,-3.8921172618865967,9698.0,57.0
1701438713.0,875767002.0,-3.1879560947418213,-3.8921172618865967,9698.0,57.0
1701438713.0,915420764.0,-3.1879560947418213,-3.8921172618865967,9698.0,57.0
1701438713.0,985196405.0,-3.1879560947418213,-3.8921172618865967,9698.0,52.0
1701438714.0,35170173.0,-3.1879560947418213,-3.8921172618865967,9698.0,49.0
1701438714.0,75549192.0,-3.1879560947418213,-3.8921172618865967,9698.0,57.0
1701438714.0,145064906.0,-3.1879560947418213,-3.8921172618865967,9698.0,46.0
1701438714.0,175168061.0,-3.1879560947418213,-3.8921172618865967,9698.0,51.0
1701438714.0,224973966.0,-3.1879560947418213,-3.8921172618865967,9698.0,56.0
1701438714.0,275153794.0,-3.1879560947418213,-3.8921172618865967,9698.0,58.0
1701438714.0,334890549.0,-3.1879560947418213,-3.8921172618865967,9698.0,48.0
1701438714.0,365484445.0,-3.1879560947418213,-3.8921172618865967,9698.0,64.0
1701438714.0,414882525.0,-3.1879560947418213,-3.8921172618865967,9698.0,55.0
1701438714.0,494854156.0,-3.1879560947418213,-3.8921172618865967,9698.0,56.0
1701438714.0,525562563.0,-3.1879560947418213,-3.8921172618865967,9698.0,58.0
1701438714.0,555004714.0,-3.1879560947418213,-3.8921172618865967,9698.0,61.0
1701438714.0,624675187.0,-3.1879560947418213,-3.8921172618865967,9698.0,51.0
1701438714.0,686243795.0,-3.1879560947418213,-3.8921172618865967,9698.0,51.0
1701438714.0,715809350.0,-3.1879560947418213,-3.8921172618865967,9698.0,52.0
1701438714.0,785569136.0,-3.1879560947418213,-3.8921172618865967,9698.0,54.0
1701438714.0,845855550.0,-3.1879560947418213,-3.8921172618865967,9698.0,56.0
1701438714.0,896648265.0,-3.1879560947418213,-3.8921172618865967,9698.0,47.0
1701438714.0,945449442.0,-3.1879560947418213,-3.8921172618865967,9698.0,47.0
1701438714.0,974256691.0,-3.1879560947418213,-3.8921172618865967,9698.0,55.0
1701438715.0,34646681.0,-3.1879560947418213,-3.8921172618865967,9698.0,58.0
1701438715.0,74481406.0,-3.1879560947418213,-3.8921172618865967,9698.0,52.0
1701438715.0,135744138.0,-3.1879560947418213,-3.8921172618865967,9698.0,57.0
1701438715.0,163266980.0,-3.1879560947418213,-3.8921172618865967,9698.0,56.0
1701438715.0,234350746.0,-3.1879560947418213,-3.8921172618865967,9698.0,47.0
1701438715.0,274427757.0,-3.1879560947418213,-3.8921172618865967,9698.0,48.0
1701438715.0,344146828.0,-3.1879560947418213,-3.8921172618865967,9698.0,56.0
1701438715.0,373259693.0,-3.1879560947418213,-3.8921172618865967,9698.0,53.0
1701438715.0,423309947.0,-3.1879560947418213,-3.8921172618865967,9698.0,57.0
1701438715.0,474196242.0,-3.1879560947418213,-3.8921172618865967,9698.0,53.0
1701438715.0,583983382.0,-3.1879560947418213,-3.8921172618865967,9698.0,62.0
1701438715.0,613907227.0,-3.1879560947418213,-3.8921172618865967,9698.0,58.0
1701438715.0,643850419.0,-3.1879560947418213,-3.8921172618865967,9698.0,48.0
1701438715.0,674125557.0,-3.1879560947418213,-3.8921172618865967,9698.0,49.0
1701438715.0,723818269.0,-3.1879560947418213,-3.8921172618865967,9698.0,56.0
1701438715.0,773857127.0,-3.1879560947418213,-3.8921172618865967,9698.0,50.0
1701438715.0,825081587.0,-3.1879560947418213,-3.8921172618865967,9698.0,54.0
1701438715.0,874076803.0,-3.1879560947418213,-3.8921172618865967,9698.0,55.0
1701438715.0,913906522.0,-3.1879560947418213,-3.8921172618865967,9698.0,55.0
1701438715.0,984477011.0,-3.1879560947418213,-3.8921172618865967,9698.0,59.0
1701438716.0,13576416.0,-3.1879560947418213,-3.8921172618865967,9698.0,46.0
1701438716.0,73787190.0,-3.1879560947418213,-3.8921172618865967,9698.0,56.0
1701438716.0,123493779.0,-3.1879560947418213,-3.8921172618865967,9698.0,54.0
1701438716.0,173487362.0,-3.1879560947418213,-3.8921172618865967,9698.0,54.0
1701438716.0,223912072.0,-3.1879560947418213,-3.8921172618865967,9698.0,50.0
1701438716.0,283386622.0,-3.1879560947418213,-3.8921172618865967,9698.0,52.0
1701438716.0,313862927.0,-3.1879560947418213,-3.8921172618865967,9698.0,53.0
1701438716.0,383463910.0,-3.1879560947418213,-3.8921172618865967,9698.0,61.0
1701438716.0,432362110.0,-3.1879560947418213,-3.8921172618865967,9698.0,51.0
1701438716.0,473506329.0,-3.1879560947418213,-3.8921172618865967,9698.0,51.0
1701438716.0,543152238.0,-3.1879560947418213,-3.8921172618865967,9698.0,54.0
1701438716.0,573155020.0,-3.1879560947418213,-3.8921172618865967,9698.0,54.0
1701438716.0,623213107.0,-3.1879560947418213,-3.8921172618865967,9698.0,46.0
1701438716.0,674661003.0,-3.1879560947418213,-3.8921172618865967,9698.0,48.0
1701438716.0,713337949.0,-3.1879560947418213,-3.8921172618865967,9698.0,63.0
1701438716.0,763203543.0,-3.1879560947418213,-3.8921172618865967,9698.0,58.0
1701438716.0,843192269.0,-3.1879560947418213,-3.8921172618865967,9698.0,57.0
1701438716.0,892901058.0,-3.1879560947418213,-3.8921172618865967,9698.0,53.0
1701438716.0,942641957.0,-3.1879560947418213,-3.8921172618865967,9698.0,68.0
1701438716.0,994122418.0,-3.1879560947418213,-3.8921172618865967,9698.0,56.0
1701438717.0,33097504.0,-3.1879560947418213,-3.8921172618865967,9698.0,50.0
1701438717.0,82921728.0,-3.1879560947418213,-3.8921172618865967,9698.0,52.0
1701438717.0,112947916.0,-3.1879560947418213,-3.8921172618865967,9698.0,52.0
1701438717.0,162905192.0,-3.1879560947418213,-3.8921172618865967,9698.0,49.0
1701438717.0,243636070.0,-3.1879560947418213,-3.8921172618865967,9698.0,53.0
1701438717.0,272862353.0,-3.1879560947418213,-3.8921172618865967,9698.0,54.0
1701438717.0,322606949.0,-3.1879560947418213,-3.8921172618865967,9698.0,61.0
1701438717.0,372559094.0,-3.1879560947418213,-3.8921172618865967,9698.0,56.0
1701438717.0,422562239.0,-3.1879560947418213,-3.8921172618865967,9698.0,51.0
1701438717.0,482218650.0,-3.1879560947418213,-3.8921172618865967,9698.0,56.0
1701438717.0,512600001.0,-3.1879560947418213,-3.8921172618865967,9698.0,48.0
1701438717.0,641295721.0,-3.1879560947418213,-3.8921172618865967,9698.0,50.0
1701438717.0,672921990.0,-3.1879560947418213,-3.8921172618865967,9698.0,46.0
1701438717.0,691265768.0,-3.1879560947418213,-3.8921172618865967,9698.0,45.0
1701438717.0,721263034.0,-3.1879560947418213,-3.8921172618865967,9698.0,54.0
1701438717.0,772250848.0,-3.1879560947418213,-3.8921172618865967,9698.0,48.0
1701438717.0,822206994.0,-3.1879560947418213,-3.8921172618865967,9698.0,55.0
1701438717.0,872401937.0,-3.1879560947418213,-3.8921172618865967,9698.0,49.0
1701438717.0,913717188.0,-3.1879560947418213,-3.8921172618865967,9698.0,52.0
1701438717.0,982077247.0,-3.1879560947418213,-3.8921172618865967,9698.0,61.0
1701438718.0,32698033.0,-3.1879560947418213,-3.8921172618865967,9698.0,58.0
1701438718.0,91955106.0,-3.1879560947418213,-3.8921172618865967,9698.0,60.0
1701438718.0,121986633.0,-3.1879560947418213,-3.8921172618865967,9698.0,58.0
1701438718.0,171911716.0,-3.1879560947418213,-3.8921172618865967,9698.0,54.0
1701438718.0,221931728.0,-3.1879560947418213,-3.8921172618865967,9698.0,51.0
1701438718.0,281862931.0,-3.1879560947418213,-3.8921172618865967,9698.0,54.0
1701438718.0,331783805.0,-3.1879560947418213,-3.8921172618865967,9698.0,60.0
1701438718.0,361845857.0,-3.1879560947418213,-3.8921172618865967,9698.0,56.0
1701438718.0,432047646.0,-3.1879560947418213,-3.8921172618865967,9698.0,50.0
1701438718.0,491689567.0,-3.1879560947418213,-3.8921172618865967,9698.0,53.0
1701438718.0,521655457.0,-3.1879560947418213,-3.8921172618865967,9698.0,59.0
1701438718.0,571598487.0,-3.1879560947418213,-3.8921172618865967,9698.0,48.0
1701438718.0,621590352.0,-3.1879560947418213,-3.8921172618865967,9698.0,58.0
1701438718.0,681533325.0,-3.1879560947418213,-3.8921172618865967,9698.0,56.0
1701438718.0,711719435.0,-3.1879560947418213,-3.8921172618865967,9698.0,62.0
1701438718.0,761533362.0,-3.1879560947418213,-3.8921172618865967,9698.0,48.0
1701438718.0,831779097.0,-3.1879560947418213,-3.8921172618865967,9698.0,60.0
1701438718.0,871421024.0,-3.1879560947418213,-3.8921172618865967,9698.0,50.0
1701438718.0,922899158.0,-3.1879560947418213,-3.8921172618865967,9698.0,56.0
1701438718.0,970313882.0,-3.1879560947418213,-3.8921172618865967,9698.0,55.0
1701438719.0,21306737.0,-3.1879560947418213,-3.8921172618865967,9698.0,57.0
1701438719.0,71423642.0,-3.1879560947418213,-3.8921172618865967,9698.0,51.0
1701438719.0,131006703.0,-3.1879560947418213,-3.8921172618865967,9698.0,51.0
1701438719.0,181180619.0,-3.1879560947418213,-3.8921172618865967,9698.0,56.0
1701438719.0,231432292.0,-3.1879560947418213,-3.8921172618865967,9698.0,52.0
1701438719.0,271368652.0,-3.1879560947418213,-3.8921172618865967,9698.0,57.0
1701438719.0,321117584.0,-3.1879560947418213,-3.8921172618865967,9698.0,66.0
1701438719.0,371023801.0,-3.1879560947418213,-3.8921172618865967,9698.0,61.0
1701438719.0,430290282.0,-3.1879560947418213,-3.8921172618865967,9698.0,52.0
1701438719.0,481998576.0,-3.1879560947418213,-3.8921172618865967,9698.0,59.0
1701438719.0,512093625.0,-3.1879560947418213,-3.8921172618865967,9698.0,64.0
1701438719.0,561391046.0,-3.1879560947418213,-3.8921172618865967,9698.0,60.0
1701438719.0,630942066.0,-3.1879560947418213,-3.8921172618865967,9698.0,60.0
1701438719.0,671120382.0,-3.1879560947418213,-3.8921172618865967,9698.0,48.0
1701438719.0,710899783.0,-3.1879560947418213,-3.8921172618865967,9698.0,46.0
1701438719.0,770712469.0,-3.1879560947418213,-3.8921172618865967,9698.0,54.0
1701438719.0,820681422.0,-3.1879560947418213,-3.8921172618865967,9698.0,48.0
1701438719.0,870678689.0,-3.1879560947418213,-3.8921172618865967,9698.0,54.0
1701438719.0,910723310.0,-3.1879560947418213,-3.8921172618865967,9698.0,49.0
1701438719.0,961470318.0,-3.1879560947418213,-3.8921172618865967,9698.0,50.0
1701438720.0,12206909.0,-3.1879560947418213,-3.8921172618865967,9698.0,62.0
1701438720.0,92744746.0,-3.1879560947418213,-3.8921172618865967,9698.0,57.0
1701438720.0,122062612.0,-3.1879560947418213,-3.8921172618865967,9698.0,51.0
1701438720.0,172719292.0,-3.1879560947418213,-3.8921172618865967,9698.0,60.0
1701438720.0,221410097.0,-3.1879560947418213,-3.8921172618865967,9698.0,53.0
1701438720.0,270328561.0,-3.1879560947418213,-3.8921172618865967,9698.0,53.0
1701438720.0,332470002.0,-3.1879560947418213,-3.8921172618865967,9698.0,50.0
1701438720.0,379280907.0,-3.1879560947418213,-3.8921172618865967,9698.0,49.0
1701438720.0,430540329.0,-3.1879560947418213,-3.8921172618865967,9698.0,60.0
1701438720.0,470472754.0,-3.1879560947418213,-3.8921172618865967,9698.0,52.0
1701438720.0,540182489.0,-3.1879560947418213,-3.8921172618865967,9698.0,58.0
1701438720.0,600104714.0,-3.1879560947418213,-3.8921172618865967,9698.0,49.0
1701438720.0,629273251.0,-3.1879560947418213,-3.8921172618865967,9698.0,66.0
1701438720.0,650343231.0,-3.1879560947418213,-3.8921172618865967,9698.0,56.0
1701438720.0,750108347.0,-3.1879560947418213,-3.8921172618865967,9698.0,49.0
1701438720.0,779967167.0,-3.1879560947418213,-3.8921172618865967,9698.0,46.0
1701438720.0,829977071.0,-3.1879560947418213,-3.8921172618865967,9698.0,42.0
1701438720.0,870227040.0,-3.1879560947418213,-3.8921172618865967,9698.0,65.0
1701438720.0,939941321.0,-3.1879560947418213,-3.8921172618865967,9698.0,55.0
1701438720.0,969886351.0,-3.1879560947418213,-3.8921172618865967,9698.0,55.0
1701438721.0,19802413.0,-3.1879560947418213,-3.8921172618865967,9698.0,60.0
1701438721.0,69789514.0,-3.1879560947418213,-3.8921172618865967,9698.0,56.0
1701438721.0,129774113.0,-3.1879560947418213,-3.8921172618865967,9698.0,55.0
1701438721.0,181207809.0,-3.1879560947418213,-3.8921172618865967,9698.0,48.0
1701438721.0,229673785.0,-3.1879560947418213,-3.8921172618865967,9698.0,50.0
1701438721.0,289548019.0,-3.1879560947418213,-3.8921172618865967,9698.0,50.0
1701438721.0,319727187.0,-3.1879560947418213,-3.8921172618865967,9698.0,58.0
1701438721.0,389502615.0,-3.1879560947418213,-3.8921172618865967,9698.0,43.0
1701438721.0,420573804.0,-3.1879560947418213,-3.8921172618865967,9698.0,60.0
1701438721.0,469506645.0,-3.1879560947418213,-3.8921172618865967,9698.0,55.0
1701438721.0,509598079.0,-3.1879560947418213,-3.8921172618865967,9698.0,54.0
1701438721.0,559561604.0,-3.1879560947418213,-3.8921172618865967,9698.0,58.0
1701438721.0,629406215.0,-3.1879560947418213,-3.8921172618865967,9698.0,47.0
1701438721.0,669527314.0,-3.1879560947418213,-3.8921172618865967,9698.0,49.0
1701438721.0,719333251.0,-3.1879560947418213,-3.8921172618865967,9698.0,49.0
1701438721.0,770474490.0,-3.1879560947418213,-3.8921172618865967,9698.0,60.0
1701438721.0,829472789.0,-3.1879560947418213,-3.8921172618865967,9698.0,55.0
1701438721.0,879140164.0,-3.1879560947418213,-3.8921172618865967,9698.0,51.0
1701438721.0,929102875.0,-3.1879560947418213,-3.8921172618865967,9698.0,61.0
1701438721.0,978955207.0,-3.1879560947418213,-3.8921172618865967,9698.0,59.0
1701438722.0,9043903.0,-3.1879560947418213,-3.8921172618865967,9698.0,57.0
1701438722.0,69230717.0,-3.1879560947418213,-3.8921172618865967,9698.0,53.0
1701438722.0,118977995.0,-3.1879560947418213,-3.8921172618865967,9698.0,58.0
1701438722.0,190625574.0,-3.1879560947418213,-3.8921172618865967,9698.0,55.0
1701438722.0,219108448.0,-3.1879560947418213,-3.8921172618865967,9698.0,50.0
1701438722.0,270415235.0,-3.1879560947418213,-3.8921172618865967,9698.0,53.0
1701438722.0,328817563.0,-3.1879560947418213,-3.8921172618865967,9698.0,48.0
1701438722.0,378841609.0,-3.1879560947418213,-3.8921172618865967,9698.0,59.0
1701438722.0,428993400.0,-3.1879560947418213,-3.8921172618865967,9698.0,53.0
1701438722.0,488729653.0,-3.1879560947418213,-3.8921172618865967,9698.0,49.0
1701438722.0,518685008.0,-3.1879560947418213,-3.8921172618865967,9698.0,58.0
1701438722.0,568642856.0,-3.1879560947418213,-3.8921172618865967,9698.0,60.0
1701438722.0,633988301.0,-3.1879560947418213,-3.8921172618865967,9698.0,60.0
1701438722.0,664445621.0,-3.1879560947418213,-3.8921172618865967,9698.0,50.0
1701438722.0,723526377.0,-3.1879560947418213,-3.8921172618865967,9698.0,55.0
1701438722.0,774502527.0,-3.1879560947418213,-3.8921172618865967,9698.0,55.0
1701438722.0,825149689.0,-3.1879560947418213,-3.8921172618865967,9698.0,55.0
1701438722.0,874725868.0,-3.1879560947418213,-3.8921172618865967,9698.0,52.0
1701438722.0,924365319.0,-3.1879560947418213,-3.8921172618865967,9698.0,55.0
1701438723.0,13299891.0,-3.1879560947418213,-3.8921172618865967,9698.0,57.0
1701438723.0,43273187.0,-3.1879560947418213,-3.8921172618865967,9698.0,51.0
1701438723.0,93248423.0,-3.1879560947418213,-3.8921172618865967,9698.0,53.0
1701438723.0,115082071.0,-3.1879560947418213,-3.8921172618865967,9698.0,55.0
1701438723.0,172948670.0,-3.1879560947418213,-3.8921172618865967,9698.0,50.0
1701438723.0,224164794.0,-3.1879560947418213,-3.8921172618865967,9698.0,56.0
1701438723.0,274540517.0,-3.1879560947418213,-3.8921172618865967,9698.0,51.0
1701438723.0,364062975.0,-3.1879560947418213,-3.8921172618865967,9698.0,56.0
1701438723.0,403109130.0,-3.1879560947418213,-3.8921172618865967,9698.0,58.0
1701438723.0,433387787.0,-3.1879560947418213,-3.8921172618865967,9698.0,56.0
1701438723.0,463852600.0,-3.1879560947418213,-3.8921172618865967,9698.0,57.0
1701438723.0,514163976.0,-3.1879560947418213,-3.8921172618865967,9698.0,57.0
1701438723.0,572972940.0,-3.1879560947418213,-3.8921172618865967,9698.0,47.0
1701438723.0,623002321.0,-3.1879560947418213,-3.8921172618865967,9698.0,51.0
1701438723.0,673426890.0,-3.1879560947418213,-3.8921172618865967,9698.0,55.0
1701438723.0,732760429.0,-3.1879560947418213,-3.8921172618865967,9698.0,51.0
1701438723.0,762755876.0,-3.1879560947418213,-3.8921172618865967,9698.0,54.0
1701438723.0,877779647.0,-3.1879560947418213,-3.8921172618865967,9698.0,59.0
1701438723.0,907890114.0,-3.1879560947418213,-3.8921172618865967,9698.0,54.0
1701438723.0,948001196.0,-3.1879560947418213,-3.8921172618865967,9698.0,47.0
1701438723.0,977737768.0,-3.1879560947418213,-3.8921172618865967,9698.0,60.0
1701438724.0,27900742.0,-3.1879560947418213,-3.8921172618865967,9698.0,60.0
1701438724.0,67908341.0,-3.1879560947418213,-3.8921172618865967,9698.0,54.0
1701438724.0,117563044.0,-3.1879560947418213,-3.8921172618865967,9698.0,44.0
1701438724.0,167433829.0,-3.1879560947418213,-3.8921172618865967,9698.0,49.0
1701438724.0,217459580.0,-3.1879560947418213,-3.8921172618865967,9698.0,51.0
1701438724.0,267616517.0,-3.1879560947418213,-3.8921172618865967,9698.0,53.0
