timestamp_sec,timestamp_nanosec,translation_x,translation_y,translation_z,rotation_x,rotation_y,rotation_z,rotation_w
1701438663,984677978,0,0,0,0,0,7.89E-05,1
1701438664,32100746,0,0,0,0,0,7.89E-05,1
1701438664,79730083,0,0,0,0,0,7.89E-05,1
1701438664,145113582,0,0,0,0,0,7.89E-05,1
1701438664,192179246,0,0,0,0,0,7.89E-05,1
1701438664,239274034,0,0,0,0,0,7.89E-05,1
1701438664,288351295,0,0,0,0,0,7.89E-05,1
1701438664,336429218,0,0,0,0,0,7.89E-05,1
1701438664,384950266,0,0,0,0,0,7.89E-05,1
1701438664,433216874,0,0,0,0,0,7.89E-05,1
1701438664,480574601,0,0,0,0,0,7.89E-05,1
1701438664,545062473,0,0,0,0,0,7.89E-05,1
1701438664,592334384,0,0,0,0,0,7.89E-05,1
1701438664,640968345,0,0,0,0,0,7.89E-05,1
1701438664,689013994,0,0,0,0,0,7.89E-05,1
1701438664,738130825,0,0,0,0,0,7.89E-05,1
1701438664,786177979,0,0,0,0,0,7.89E-05,1
1701438664,833376739,0,0,0,0,0,7.89E-05,1
1701438664,897678405,0,0,0,0,0,7.89E-05,1
1701438664,929802612,0,0,0,0,0,7.89E-05,1
1701438664,994755004,0,0,0,0,0,7.89E-05,1
1701438665,41715387,0,0,0,0,0,7.89E-05,1
1701438665,89302298,0,0,0,0,0,7.89E-05,1
1701438665,137855799,0,0,0,0,0,7.89E-05,1
1701438665,186056564,0,0,0,0,0,7.89E-05,1
1701438665,235014306,0,0,0,0,0,7.89E-05,1
1701438665,281416590,0,0,0,0,0,7.89E-05,1
1701438665,329458746,0,0,0,0,0,7.89E-05,1
1701438665,395206704,0,0,0,0,0,7.89E-05,1
1701438665,442585471,0,0,0,0,0,7.89E-05,1
1701438665,490551496,0,0,0,0,0,7.89E-05,1
1701438665,538562525,0,0,0,0,0,7.89E-05,1
1701438665,586787475,0,0,0,0,0,7.89E-05,1
1701438665,635763894,0,0,0,0,0,7.89E-05,1
1701438665,683002535,0,0,0,0,0,7.89E-05,1
1701438665,731064434,0,0,0,0,0,7.89E-05,1
1701438665,795967470,0,0,0,0,0,7.89E-05,1
1701438665,843676165,0,0,0,0,0,7.89E-05,1
1701438665,892181345,0,0,0,0,0,7.89E-05,1
1701438665,939256359,0,0,0,0,0,7.89E-05,1
1701438665,987482620,0,0,0,0,0,7.89E-05,1
1701438666,35497100,0,0,0,0,0,7.89E-05,1
1701438666,99836586,0,0,0,0,0,7.89E-05,1
1701438666,132111301,0,0,0,0,0,7.89E-05,1
1701438666,195531700,0,0,0,0,0,7.89E-05,1
1701438666,244816450,0,0,0,0,0,7.89E-05,1
1701438666,292104374,0,0,0,0,0,7.89E-05,1
1701438666,339967445,0,0,0,0,0,7.89E-05,1
1701438666,387400621,0,0,0,0,0,7.89E-05,1
1701438666,436210915,0,0,0,0,0,7.89E-05,1
1701438666,484591167,0,0,0,0,0,7.89E-05,1
1701438666,548347966,0,0,0,0,0,7.89E-05,1
1701438666,596816860,0,0,0,0,0,7.89E-05,1
1701438666,644521400,0,0,0,0,0,7.89E-05,1
1701438666,692675404,0,0,0,0,0,7.89E-05,1
1701438666,740635134,0,0,0,0,0,7.89E-05,1
1701438666,788711911,0,0,0,0,0,7.89E-05,1
1701438666,836891019,0,0,0,0,0,7.89E-05,1
1701438666,885174828,0,0,0,0,0,7.89E-05,1
1701438666,949043857,0,0,0,0,0,7.89E-05,1
1701438666,997717180,0,0,0,0,0,7.89E-05,1
1701438667,53569954,0,0,0,0,0,7.89E-05,1
1701438667,94645977,0,0,0,0,0,7.89E-05,1
1701438667,217884467,0,0,0,0,0,7.89E-05,1
1701438667,237419528,0,0,0,0,0,7.89E-05,1
1701438667,301421582,0,0,0,0,0,7.89E-05,1
1701438667,317496167,0,0,0,0,0,7.89E-05,1
1701438667,399805534,0,0,0,0,0,7.89E-05,1
1701438667,446175684,0,0,0,0,0,7.89E-05,1
1701438667,462202821,0,0,0,0,0,7.89E-05,1
1701438667,541622272,0,0,0,0,0,7.89E-05,1
1701438667,590384462,0,0,0,0,0,7.89E-05,1
1701438667,664380991,0,0,0,0,0,7.89E-05,1
1701438667,686071226,0,0,0,0,0,7.89E-05,1
1701438667,734670670,0,0,0,0,0,7.89E-05,1
1701438667,845429593,0,0,0,0,0,7.89E-05,1
1701438667,895219089,0,0,0,0,0,7.89E-05,1
1701438667,910564636,0,0,0,0,0,7.89E-05,1
1701438667,992326425,0,0,0,0,0,7.89E-05,1
1701438668,111040166,0,0,0,0,0,7.89E-05,1
1701438668,152060389,0,0,0,0,0,7.89E-05,1
1701438668,210344287,0,0,0,0,0,7.89E-05,1
1701438668,248097281,0,0,0,0,0,7.89E-05,1
1701438668,295527221,0,0,0,0,0,7.89E-05,1
1701438668,311432599,0,0,0,0,0,7.89E-05,1
1701438668,403289265,0,0,0,0,0,7.89E-05,1
1701438668,439712690,0,0,0,0,0,7.89E-05,1
1701438668,566052395,0,0,0,0,0,7.89E-05,1
1701438668,599644248,0,0,0,0,0,7.89E-05,1
1701438668,615299822,0,0,0,0,0,7.89E-05,1
1701438668,695631248,0,0,0,0,0,7.89E-05,1
1701438668,746037054,0,0,0,0,0,7.89E-05,1
1701438668,850507792,0,0,0,0,0,7.89E-05,1
1701438668,889177195,0,0,0,0,0,7.89E-05,1
1701438668,920788043,0,0,0,0,0,7.89E-05,1
1701438669,1125485,0,0,0,0,0,7.89E-05,1
1701438669,49034231,0,0,0,0,0,7.89E-05,1
1701438669,66159308,0,0,0,0,0,7.89E-05,1
1701438669,147124728,0,0,0,0,0,7.89E-05,1
1701438669,194754731,0,0,0,0,0,7.89E-05,1
1701438669,209887990,0,0,0,0,0,7.89E-05,1
1701438669,306563680,0,0,0,0,0,7.89E-05,1
1701438669,392468989,0,0,0,0,0,7.89E-05,1
1701438669,449973668,0,0,0,0,0,7.89E-05,1
1701438669,502626913,0,0,0,0,0,7.89E-05,1
1701438669,546682743,0,0,0,0,0,7.89E-05,1
1701438669,562232249,0,0,0,0,0,7.89E-05,1
1701438669,644618269,0,0,0,0,0,7.89E-05,1
1701438669,765957864,0,0,0,0,0,7.89E-05,1
1701438669,802894975,0,0,0,0,0,7.89E-05,1
1701438669,834418126,0,0,0,0,0,7.89E-05,1
1701438669,899167289,0,0,0,0,0,7.89E-05,1
1701438669,947588433,0,0,0,0,0,7.89E-05,1
1701438669,979229354,0,0,0,0,0,7.89E-05,1
1701438670,45343246,0,0,0,0,0,7.89E-05,1
1701438670,90538452,0,0,0,0,0,7.89E-05,1
1701438670,154710521,0,0,0,0,0,7.89E-05,1
1701438670,202794281,0,0,0,0,0,7.89E-05,1
1701438670,219102759,0,0,0,0,0,7.89E-05,1
1701438670,298706512,0,0,0,0,0,7.89E-05,1
1701438670,347156156,0,0,0,0,0,7.89E-05,1
1701438670,364889196,0,0,0,0,0,7.89E-05,1
1701438670,444487612,0,0,0,0,0,7.89E-05,1
1701438670,491950570,0,0,0,0,0,7.89E-05,1
1701438670,617306174,0,0,0,0,0,7.89E-05,1
1701438670,651503314,0,0,0,0,0,7.89E-05,1
1701438670,763577336,0,0,0,0,0,7.89E-05,1
1701438670,797248446,0,0,0,0,0,7.89E-05,1
1701438670,885495524,0,0,0,0,0,7.89E-05,1
1701438670,901987590,0,0,0,0,0,7.89E-05,1
1701438670,961372183,0,0,0,0,0,7.89E-05,1
1701438671,11364249,0,0,0,0,0,7.89E-05,1
1701438671,101035649,0,0,0,0,0,7.89E-05,1
1701438671,148311865,0,0,0,0,0,7.89E-05,1
1701438671,165908857,0,0,0,0,0,7.89E-05,1
1701438671,252788534,0,0,0,0,0,7.89E-05,1
1701438671,276685884,0,0,0,0,0,7.89E-05,1
1701438671,345522488,0,0,0,0,0,7.89E-05,1
1701438671,475558539,0,0,0,0,0,7.89E-05,1
1701438671,500728312,0,0,0,0,0,7.89E-05,1
1701438671,549719539,0,0,0,0,0,7.89E-05,1
1701438671,580435977,0,0,0,0,0,7.89E-05,1
1701438671,655518558,0,0,0,0,0,7.89E-05,1
1701438671,709682221,0,0,0,0,0,7.89E-05,1
1701438671,726021509,0,0,0,0,0,7.89E-05,1
1701438671,774164296,0,0,0,0,0,7.89E-05,1
1701438671,838184545,0,0,0,0,0,7.89E-05,1
1701438671,927942842,0,0,0,0,0,7.89E-05,1
1701438671,949880137,0,0,0,0,0,7.89E-05,1
1701438672,2507081,0,0,0,0,0,7.89E-05,1
1701438672,45321728,0,0,0,0,0,7.89E-05,1
1701438672,110504171,0,0,0,0,0,7.89E-05,1
1701438672,157911463,0,0,0,0,0,7.89E-05,1
1701438672,189574808,0,0,0,0,0,7.89E-05,1
1701438672,299943149,0,0,0,0,0,7.89E-05,1
1701438672,350966692,0,0,0,0,0,7.89E-05,1
1701438672,398471735,0,0,0,0,0,7.89E-05,1
1701438672,522334158,0,0,0,0,0,7.89E-05,1
1701438672,558366236,0,0,0,0,0,7.89E-05,1
1701438672,606488264,0,0,0,0,0,7.89E-05,1
1701438672,716415606,0,0,0,0,0,7.89E-05,1
1701438672,750615812,0,0,0,0,0,7.89E-05,1
1701438673,144203292,0,0,0,0,0,7.89E-05,1
1701438673,206427822,0,0,0,0,0,7.89E-05,1
1701438673,255697941,0,0,0,0,0,7.89E-05,1
1701438673,286966193,0,0,0,0,0,7.89E-05,1
1701438673,343556690,0,0,0,0,0,7.89E-05,1
1701438673,407876441,0,0,0,0,0,7.89E-05,1
1701438673,461927597,0,0,0,0,0,7.89E-05,1
1701438673,491716923,0,0,0,0,0,7.89E-05,1
1701438673,867238881,0,0,0,0,0,7.89E-05,1
1701438673,905080301,0,0,0,0,0,7.89E-05,1
1701438674,12242577,0.003672804,8.68E-05,0,0,0,-0.000943296,0.999999583
1701438674,48859438,0.009412005,7.59E-05,0,0,0,-0.000943296,0.999999583
1701438674,96434904,0.016475639,6.26E-05,0,0,0,-0.000943295,0.999999583
1701438674,114095275,0.019698574,0.000203618,0,0,0,-0.000943295,0.999999583
1701438674,311570270,0.04456949,0.000128662,0,0,0,-0.000529402,0.999999881
1701438674,353547797,0.05940931,0.000497705,0,0,0,-0.000529403,0.999999881
1701438674,401652664,0.074394172,0.000893508,0,0,0,-0.000529403,0.999999881
1701438674,449396432,0.087344673,0.001180771,0,0,0,0.000144485,1
1701438674,498087946,0.100589003,0.001189211,0,0,0,0.000498655,0.999999881
1701438674,546171305,0.113828364,0.001465402,0,0,0,0.000498656,0.999999881
1701438674,609934055,0.134153071,0.001798425,0,0,0,-0.000501984,0.999999881
1701438674,657644573,0.147666712,0.001770313,0,0,0,-0.000501984,0.999999881
1701438674,705984386,0.162068209,0.001951483,0,0,0,-0.000269646,0.99999994
1701438674,754968114,0.177350508,0.002336749,0,0,0,-0.000269646,0.99999994
1701438674,803689466,0.192671784,0.002623087,0,0,0,0.000122075,1
1701438674,851117027,0.207097235,0.002816711,0,0,0,0.000492934,0.999999881
1701438674,898561644,0.221924277,0.002984232,0,0,0,0.000492934,0.999999881
1701438674,947068263,0.236819761,0.003300984,0,0,0,0.000492934,0.999999881
1701438675,10394147,0.253786096,0.00342638,0,0,0,0.000359778,0.99999994
1701438675,58267768,0.268125011,0.003563172,0,0,0,0.000453953,0.999999881
1701438675,106307911,0.283304467,0.003735751,0,0,0,0.000484351,0.999999881
1701438675,154601826,0.298275902,0.00456851,0,0,0,0.000484351,0.999999881
1701438675,202793297,0.31303571,0.004995398,0,0,0,0.000734452,0.999999702
1701438675,250814160,0.326664819,0.005353688,0,0,0,0.000734452,0.999999702
1701438675,315363084,0.346224054,0.005517274,0,0,0,0.000734453,0.999999702
1701438675,362570918,0.36094083,0.005565024,0,0,0,0.000496034,0.999999881
1701438675,410571284,0.375708098,0.005771916,0,0,0,0.000496034,0.999999881
1701438675,458518625,0.390460378,0.005992826,0,0,0,0.000695233,0.999999762
1701438675,508098115,0.405635797,0.005980341,0,0,0,0.000695233,0.999999762
1701438675,555944820,0.420472335,0.006203521,0,0,0,0.000695233,0.999999762
1701438675,604054627,0.435347971,0.006506325,0,0,0,0.000695233,0.999999762
1701438675,651311554,0.44905455,0.006622387,0,0,0,0.000695233,0.999999762
1701438675,699765773,0.462871696,0.00675559,0,0,0,0.000862602,0.999999642
1701438675,747841996,0.477727386,0.006920214,0,0,0,0.001083497,0.999999404
1701438675,812569255,0.495972334,0.006778488,0,0,0,0.001083496,0.999999404
1701438675,860187501,0.50974973,0.007006372,0,0,0,0.000706795,0.999999762
1701438675,907780330,0.524475304,0.00740092,0,0,0,0.000532153,0.999999881
1701438675,955569626,0.539372535,0.007460971,0,0,0,0.000532153,0.999999881
1701438676,4637704,0.551971827,0.007610163,0,0,0,0.00095165,0.999999523
1701438676,52804403,0.566962809,0.007726681,0,0,0,0.00095165,0.999999523
1701438676,100315125,0.581777779,0.008175516,0,0,0,0.00095165,0.999999523
1701438676,164350679,0.601908591,0.008686579,0,0,0,0.000780823,0.999999702
1701438676,196705900,0.61202541,0.008699823,0,0,0,0.000780823,0.999999702
1701438676,260252318,0.630571464,0.009223597,0,0,0,0.001069309,0.999999404
1701438676,309136327,0.644761795,0.009538928,0,0,0,0.001349689,0.999999106
1701438676,356418051,0.659711385,0.009865408,0,0,0,0.001349689,0.999999106
1701438676,405235471,0.674548261,0.010028665,0,0,0,0.001349689,0.999999106
1701438676,453433953,0.68955847,0.010069182,0,0,0,0.001349689,0.999999106
1701438676,516426069,0.708061866,0.010166083,0,0,0,0.001195313,0.999999285
1701438676,548382333,0.71799535,0.010224435,0,0,0,0.001624585,0.999998689
1701438676,597075024,0.7329376,0.009917819,0,0,0,0.00191927,0.999998152
1701438676,660677030,0.752418329,0.010176492,0,0,0,0.001480223,0.999998927
1701438676,709151602,0.767153387,0.010307455,0,0,0,0.00112224,0.999999344
1701438676,757761867,0.781945186,0.010526706,0,0,0,0.00112224,0.999999344
1701438676,805848402,0.796190941,0.010928483,0,0,0,0.001269703,0.999999166
1701438676,854029021,0.81106689,0.011169033,0,0,0,0.001269703,0.999999166
1701438676,917393647,0.830726111,0.011091592,0,0,0,0.001269704,0.999999166
1701438676,949690740,0.841110731,0.011106998,0,0,0,0.001269705,0.999999166
1701438677,13577064,0.861304607,0.011152945,0,0,0,0.001269706,0.999999166
1701438677,62368014,0.87596258,0.011284577,0,0,0,0.001891857,0.999998212
1701438677,109348962,0.890261509,0.011716076,0,0,0,0.002006774,0.999997973
1701438677,157363937,0.904974755,0.012353902,0,0,0,0.002006774,0.999997973
1701438677,205407820,0.919850184,0.012636218,0,0,0,0.002006774,0.999997973
1701438677,253605473,0.935091646,0.013011333,0,0,0,0.002006774,0.999997973
1701438677,317793391,0.954595862,0.013370388,0,0,0,0.002006774,0.999997973
1701438677,366479703,0.96871288,0.013584517,0,0,0,0.002006774,0.999997973
1701438677,414272152,0.983506292,0.014143767,0,0,0,0.002006774,0.999997973
1701438677,462349233,0.998189675,0.014539962,0,0,0,0.001708156,0.999998569
1701438677,510390643,1.009855093,0.014655294,0,0,0,0.001708156,0.999998569
1701438677,559175015,1.025086005,0.014707327,0,0,0,0.001708156,0.999998569
1701438677,607019322,1.039241885,0.014888638,0,0,0,0.001708157,0.999998569
1701438677,655176439,1.052328341,0.015158218,0,0,0,0.001708157,0.999998569
1701438677,718832513,1.0688622,0.015480094,0,0,0,0.001771934,0.99999845
1701438677,766681568,1.082649715,0.015656055,0,0,0,0.001771935,0.99999845
1701438677,814366025,1.096582544,0.016106396,0,0,0,0.002006419,0.999997973
1701438677,863174412,1.110582605,0.016377657,0,0,0,0.002006419,0.999997973
1701438677,912453370,1.124906914,0.016542268,0,0,0,0.002410417,0.999997079
1701438677,959547745,1.139540331,0.016930652,0,0,0,0.002410416,0.999997079
1701438678,7740221,1.154451741,0.017408472,0,0,0,0.002174025,0.999997616
1701438678,54690894,1.168600812,0.017813663,0,0,0,0.002174025,0.999997616
1701438678,103798055,1.183227792,0.018232323,0,0,0,0.002174025,0.999997616
1701438678,167373045,1.204037564,0.018328227,0,0,0,0.002697472,0.999996364
1701438678,215842919,1.217879316,0.018353058,0,0,0,0.002860549,0.999995887
1701438678,263928694,1.231664562,0.01861547,0,0,0,0.00264657,0.999996483
1701438678,312089472,1.24461821,0.018826151,0,0,0,0.002088553,0.999997795
1701438678,360092501,1.258126425,0.019166804,0,0,0,0.002088553,0.999997795
1701438678,408202589,1.270695031,0.019230435,0,0,0,0.002088552,0.999997795
1701438678,455361432,1.285637932,0.019405873,0,0,0,0.002298597,0.999997377
1701438678,503744859,1.300808165,0.01993794,0,0,0,0.002298597,0.999997377
1701438678,567782931,1.31852638,0.020088034,0,0,0,0.002298597,0.999997377
1701438678,615774460,1.333536521,0.020159171,0,0,0,0.002435091,0.99999702
1701438678,663687159,1.348418277,0.020761782,0,0,0,0.002435089,0.99999702
1701438678,711596114,1.363098683,0.02110882,0,0,0,0.002743602,0.999996245
1701438678,760771455,1.378039678,0.021721275,0,0,0,0.002743602,0.999996245
1701438678,808738557,1.3917254,0.021796371,0,0,0,0.002743602,0.999996245
1701438678,856947967,1.405271048,0.021992781,0,0,0,0.002743602,0.999996245
1701438678,904296931,1.418516889,0.022503709,0,0,0,0.00231016,0.999997318
1701438678,968542184,1.437285934,0.022633836,0,0,0,0.002952578,0.999995649
1701438679,17113805,1.449899708,0.022873911,0,0,0,0.003148912,0.999995053
1701438679,64352705,1.463143744,0.02295732,0,0,0,0.00314891,0.999995053
1701438679,113242121,1.475098288,0.023391326,0,0,0,0.002843615,0.999995947
1701438679,162234427,1.490329063,0.023477949,0,0,0,0.002843614,0.999995947
1701438679,208578030,1.501737628,0.023732491,0,0,0,0.002724763,0.999996305
1701438679,256530753,1.514147204,0.023831104,0,0,0,0.002769347,0.999996185
1701438679,304363978,1.527612025,0.023909885,0,0,0,0.003076427,0.999995291
1701438679,370053945,1.547036733,0.024032696,0,0,0,0.003176563,0.999994934
1701438679,416580441,1.561265821,0.0245156,0,0,0,0.003176563,0.999994934
1701438679,465845039,1.574601916,0.024705792,0,0,0,0.003404848,0.999994218
1701438679,513807365,1.58961185,0.024808007,0,0,0,0.003404848,0.999994218
1701438679,563229007,1.604621787,0.024916486,0,0,0,0.003645292,0.999993384
1701438679,610222476,1.6174242,0.025009827,0,0,0,0.003645292,0.999993384
1701438679,658098979,1.632434141,0.025109498,0,0,0,0.003257387,0.999994695
1701438679,705526756,1.646340439,0.025200095,0,0,0,0.003257387,0.999994695
1701438679,754086957,1.661129505,0.025297623,0,0,0,0.003632183,0.999993384
1701438679,817431594,1.680553927,0.025447994,0,0,0,0.004000179,0.999992013
1701438679,865321887,1.694239357,0.025557485,0,0,0,0.004000178,0.999992013
1701438679,913896799,1.709249198,0.025670795,0,0,0,0.003715984,0.999993086
1701438679,963918326,1.724259031,0.02578235,0,0,0,0.003715985,0.999993086
1701438680,11928489,1.73750301,0.02588078,0,0,0,0.003715985,0.999993086
1701438680,73888015,1.757368979,0.026028425,0,0,0,0.003715986,0.999993086
1701438680,124157664,1.772378693,0.026146338,0,0,0,0.004085298,0.999991655
1701438680,154921969,1.781207971,0.026218481,0,0,0,0.004085299,0.999991655
1701438680,218867388,1.800411606,0.026375389,0,0,0,0.0040853,0.999991655
1701438680,267152221,1.814317792,0.026489013,0,0,0,0.004085302,0.999991655
1701438680,314257531,1.829327623,0.026612182,0,0,0,0.00419414,0.999991179
1701438680,364103297,1.844337366,0.026738091,0,0,0,0.00419414,0.999991179
1701438680,411977607,1.857360593,0.026847334,0,0,0,0.00419414,0.999991179
1701438680,458253135,1.872370335,0.026973242,0,0,0,0.00419414,0.999991179
1701438680,506347782,1.88627643,0.027089891,0,0,0,0.00419414,0.999991179
1701438680,571354546,1.905479983,0.02725451,0,0,0,0.004460691,0.999990046
1701438680,618826036,1.920268947,0.027386452,0,0,0,0.004460691,0.999990046
1701438680,666764280,1.933512709,0.027504608,0,0,0,0.004460691,0.999990046
1701438680,714947229,1.945873602,0.027614888,0,0,0,0.004460691,0.999990046
1701438680,763875810,1.955144213,0.027697598,0,0,0,0.004460691,0.999990046
1701438680,811907290,1.961545317,0.027754705,0,0,0,0.004460691,0.999990046
1701438680,860010592,1.966622116,0.027799997,0,0,0,0.004460691,0.999990046
1701438680,907493003,1.969270845,0.027823629,0,0,0,0.004460691,0.999990046
1701438680,955351870,1.96971228,0.027827566,0,0,0,0.004460691,0.999990046
1701438681,20025430,1.971221241,0.027932584,0,0,0,0.004460691,0.999990046
1701438681,67812896,1.972588581,0.028031839,0,0,0,0.004460691,0.999990046
1701438681,115384798,1.974742707,0.027914398,0,0,0,0.004460691,0.999990046
1701438681,165121240,1.976458974,0.027889779,0,0,0,0.004460691,0.999990046
1701438681,212205390,1.977795439,0.028077854,0,0,0,0.004460691,0.999990046
1701438681,260384073,1.979039396,0.028031638,0,0,0,0.004878161,0.999988079
1701438681,307958956,1.980515576,0.027919319,0,0,0,0.005255096,0.999986172
1701438681,355879194,1.982252946,0.027838246,0,0,0,0.005255095,0.999986172
1701438681,404893278,1.983781699,0.027763729,0,0,0,0.005255093,0.999986172
1701438681,467551969,1.985583443,0.027991205,0,0,0,0.005255091,0.999986172
1701438681,516617383,1.987118157,0.028164772,0,0,0,0.00525509,0.999986172
1701438681,564623857,1.988616391,0.028139358,0,0,0,0.005255089,0.999986172
1701438681,612705910,1.989835316,0.028208632,0,0,0,0.005255087,0.999986172
1701438681,660879320,1.991233176,0.028260954,0,0,0,0.005255086,0.999986172
1701438681,708583603,1.99274965,0.028335031,0,0,0,0.005255084,0.999986172
1701438681,756534635,1.994257541,0.028319694,0,0,0,0.005255083,0.999986172
1701438681,804673117,1.995745285,0.028323872,0,0,0,0.005255082,0.999986172
1701438681,869104941,1.996359457,0.028373463,0,0,0,0.00525508,0.999986172
1701438681,916499014,1.99634992,0.028343551,0,0,0,0.005255078,0.999986172
1701438681,965232032,1.998628152,0.028288796,0,0,0,0.005653827,0.999984026
1701438682,12272670,2.000493317,0.028285687,0,0,0,0.005663367,0.999983966
1701438682,61473223,2.000582725,0.028277283,0,0,0,0.00566337,0.999983966
1701438682,124550241,2.000247505,0.028172399,0,0,0,0.005663374,0.999983966
1701438682,156320326,2.000158336,0.028160968,0,0,0,0.005663375,0.999983966
1701438682,221650675,2.000158336,0.028160968,0,0,0,0.005404931,0.999985397
1701438682,270447443,2.000158336,0.028160968,0,0,0,0.005404928,0.999985397
1701438682,317699695,2.000158336,0.028160968,0,0,0,0.005404925,0.999985397
1701438682,365759234,2.000158336,0.028159951,0,0,0,0.010554264,0.999944329
1701438682,413832754,2.000158336,0.028157627,0,0,0,0.024953848,0.999688625
1701438682,461928310,2.000378398,0.028173059,0,0,0,0.044998791,0.998987019
1701438682,526125966,2.000378159,0.028176821,0,0,0,0.082134977,0.996621192
1701438682,558035944,2.000377206,0.028181631,0,0,0,0.104209237,0.994555414
1701438682,622216357,2.000377206,0.028181631,0,0,0,0.156256706,0.987716496
1701438682,654071085,2.0010536,0.027141546,0,0,0,0.18595086,0.982559025
1701438682,717771780,2.003092081,0.025132761,0,0,0,0.248660684,0.968590677
1701438682,766376636,2.003711495,0.024987759,0,0,0,0.295470238,0.955351949
1701438682,814368340,2.003707442,0.024993122,0,0,0,0.339625686,0.940560699
1701438682,861458902,2.004742182,0.024669425,0,0,0,0.381640345,0.924310923
1701438682,926464252,2.005473891,0.024322291,0,0,0,0.437775224,0.899084449
1701438682,974496424,2.006032031,0.024151569,0,0,0,0.477868825,0.878431201
1701438683,7180353,2.006651207,0.024654395,0,0,0,0.504294038,0.863532007
1701438683,185747922,2.019580238,0.029271096,0,0,0,0.624173522,0.781285703
1701438683,214946464,2.016785006,0.02793572,0,0,0,0.662229776,0.749300778
1701438683,263001343,2.016771416,0.0277154,0,0,0,0.688493609,0.725242436
1701438683,320316172,2.016774753,0.027715279,0,0,0,0.702883661,0.711304843
1701438683,359601966,2.018513306,0.029456778,0,0,0,0.711103678,0.703087151
1701438683,423223811,2.018843993,0.029752167,0,0,0,0.712267756,0.701907873
1701438683,470306199,2.018519743,0.029456221,0,0,0,0.710300505,0.703898549
1701438683,519318475,2.018568619,0.029506536,0,0,0,0.710300505,0.703898549
1701438683,567540290,2.018480642,0.02941597,0,0,0,0.710300505,0.703898549
1701438683,615752855,2.018451078,0.029405616,0,0,0,0.710300505,0.703898549
1701438683,663831174,2.018451078,0.029405616,0,0,0,0.710300505,0.703898549
1701438683,710744742,2.018451078,0.029405616,0,0,0,0.710300505,0.703898549
1701438683,775534787,2.018451078,0.029405616,0,0,0,0.710300505,0.703898549
1701438683,824225870,2.018420561,0.029454765,0,0,0,0.710300505,0.703898549
1701438683,871339216,2.018201454,0.031990504,0,0,0,0.710779428,0.703414977
1701438683,919796510,2.018121583,0.036235421,0,0,0,0.7110219,0.703169882
1701438683,967883582,2.018144948,0.041583155,0,0,0,0.711259902,0.702929139
1701438684,15971814,2.018022399,0.051184875,0,0,0,0.711259902,0.702929139
1701438684,63377770,2.017876484,0.062710189,0,0,0,0.711259902,0.702929139
1701438684,111834895,2.017725801,0.075512155,0,0,0,0.711259902,0.702929139
1701438684,159310308,2.017320247,0.091120333,0,0,0,0.711259902,0.702929139
1701438684,223305157,2.017008393,0.109028871,0,0,0,0.711601734,0.702583015
1701438684,272074386,2.01683959,0.122272121,0,0,0,0.711601734,0.702583015
1701438684,319360834,2.016648136,0.137281141,0,0,0,0.711601734,0.702583015
1701438684,369396637,2.016468374,0.152511043,0,0,0,0.710915387,0.703277528
1701438684,416488044,2.016322936,0.165975321,0,0,0,0.710915387,0.703277528
1701438684,464766514,2.016163191,0.180763951,0,0,0,0.710915387,0.703277528
1701438684,512931651,2.016015367,0.194448965,0,0,0,0.710915387,0.703277528
1701438684,576693189,2.015803647,0.213872815,0,0,0,0.711232305,0.702957034
1701438684,624982063,2.015627929,0.228882038,0,0,0,0.711232305,0.702957034
1701438684,672870186,2.015460076,0.242566811,0,0,0,0.711471379,0.702715039
1701438684,720893542,2.015274344,0.257575906,0,0,0,0.711471379,0.702715039
1701438684,769924995,2.015088614,0.272585017,0,0,0,0.711471379,0.702715039
1701438684,817017029,2.014924819,0.285828342,0,0,0,0.711471379,0.702715039
1701438684,865167769,2.014739088,0.300837422,0,0,0,0.711471379,0.702715039
1701438684,930533071,2.014488267,0.320702324,0,0,0,0.711563587,0.702621698
1701438684,977926308,2.014323518,0.33372486,0,0,0,0.711563587,0.702621698
1701438685,24516892,2.014140411,0.348733984,0,0,0,0.711230576,0.702958763
1701438685,72487379,2.013977807,0.362639553,0,0,0,0.711230457,0.702958882
1701438685,121902376,2.013802328,0.37764875,0,0,0,0.711230338,0.702959061
1701438685,170743670,2.013630902,0.392658018,0,0,0,0.711054564,0.703136802
1701438685,217739225,2.013482605,0.405901513,0,0,0,0.711054564,0.703136802
1701438685,265709675,2.013373169,0.421104065,0,0,0,0.711054564,0.703136802
1701438685,313488476,2.013219864,0.434789029,0,0,0,0.711054564,0.703136802
1701438685,361752275,2.013056546,0.44935687,0,0,0,0.711054564,0.703136802
1701438685,425682849,2.01283243,0.469222096,0,0,0,0.711299181,0.702889383
1701438685,473301464,2.012675072,0.482465462,0,0,0,0.711299002,0.702889562
1701438685,521300526,2.012417103,0.495497677,0,0,0,0.711298823,0.70288974
1701438685,570259606,2.012238764,0.510506861,0,0,0,0.711298645,0.702889919
1701438685,618270412,2.012076161,0.524191667,0,0,0,0.711298466,0.702890098
1701438685,665424569,2.011897821,0.539200849,0,0,0,0.711298287,0.702890277
1701438685,730347791,2.011661289,0.558403655,0,0,0,0.71146965,0.702716827
1701438685,779184996,2.011489148,0.572309065,0,0,0,0.71146965,0.702716827
1701438685,826399153,2.011349193,0.587114464,0,0,0,0.71146965,0.702716827
1701438685,874968480,2.011169176,0.599873162,0,0,0,0.71131134,0.702877045
1701438685,922785557,2.010988689,0.614882316,0,0,0,0.711562455,0.70262289
1701438685,970363362,2.010793652,0.630112068,0,0,0,0.711669743,0.702514172
1701438686,18342990,2.010616262,0.643796761,0,0,0,0.711669743,0.702514172
1701438686,66806240,2.010421706,0.658805738,0,0,0,0.711669743,0.702514172
1701438686,130467288,2.010173741,0.678008466,0,0,0,0.711573482,0.702611685
1701438686,162628461,2.010057628,0.687058004,0,0,0,0.711820543,0.702361405
1701438686,227181493,2.009784157,0.706701847,0,0,0,0.712038338,0.702140629
1701438686,275119139,2.00959484,0.719944796,0,0,0,0.712164938,0.702012181
1701438686,322982304,2.009379302,0.734953428,0,0,0,0.712164938,0.702012181
1701438686,371116797,2.009160667,0.750182843,0,0,0,0.712164938,0.702012181
1701438686,420145578,2.008969932,0.763646564,0,0,0,0.712032437,0.70214659
1701438686,466648470,2.00856676,0.777690337,0,0,0,0.712032437,0.70214659
1701438686,514986875,2.008381504,0.790933351,0,0,0,0.712032437,0.70214659
1701438686,579404523,2.008103737,0.810797873,0,0,0,0.712032437,0.70214659
1701438686,611441269,2.007962827,0.820950887,0,0,0,0.7118873,0.702293694
1701438686,675457722,2.007716294,0.83904983,0,0,0,0.712033629,0.702145338
1701438686,723504593,2.007505528,0.854058599,0,0,0,0.71214807,0.702029288
1701438686,771552648,2.007287611,0.869288018,0,0,0,0.71214807,0.702029288
1701438686,819581645,2.007091169,0.882972357,0,0,0,0.712138355,0.702039123
1701438686,868747120,2.006878031,0.897981089,0,0,0,0.712109029,0.702068865
1701438686,915830611,2.006688019,0.91122407,0,0,0,0.712167025,0.702010095
1701438686,963899532,2.00646892,0.926232769,0,0,0,0.712316096,0.701858819
1701438687,28953429,2.006292253,0.944652452,0,0,0,0.71245718,0.701715589
1701438687,75578319,2.006094605,0.957674517,0,0,0,0.71245718,0.701715589
1701438687,123414925,2.005866676,0.972683027,0,0,0,0.71245718,0.701715589
1701438687,172025999,2.005642086,0.987470822,0,0,0,0.71245718,0.701715589
1701438687,221111484,2.005431087,1.001596527,0,0,0,0.712277114,0.701898336
1701438687,268365957,2.005210551,1.016605096,0,0,0,0.712277114,0.701898336
1701438687,316162059,2.005019339,1.02962728,0,0,0,0.712277114,0.701898336
1701438687,364248931,2.004799042,1.044635969,0,0,0,0.712277114,0.701898336
1701438687,428315814,2.004504118,1.064721069,0,0,0,0.712277114,0.701898336
1701438687,476440985,2.004308615,1.07774325,0,0,0,0.712410092,0.701763391
1701438687,524967849,2.004079972,1.092751699,0,0,0,0.712567389,0.701603651
1701438687,572596981,2.003840841,1.107760033,0,0,0,0.712837756,0.701328993
1701438687,620598667,2.003612199,1.121664737,0,0,0,0.712947369,0.701217592
1701438687,670089158,2.003359476,1.136893629,0,0,0,0.712947369,0.701217592
1701438687,717751927,2.003147285,1.149694701,0,0,0,0.712947369,0.701217592
1701438687,764608183,2.002898378,1.164702936,0,0,0,0.712947369,0.701217592
1701438687,829700706,2.002565307,1.18478747,0,0,0,0.712947369,0.701217592
1701438687,877960376,2.002347394,1.197809206,0,0,0,0.713047087,0.701116145
1701438687,925250946,2.002093954,1.212817238,0,0,0,0.713047087,0.701116145
1701438687,973041860,2.00184433,1.227604614,0,0,0,0.713047087,0.701116145
1701438688,21122085,2.001612587,1.24173005,0,0,0,0.712843478,0.701323152
1701438688,69277740,2.001367969,1.256738378,0,0,0,0.712843299,0.70132333
1701438688,133844874,2.001054925,1.275940044,0,0,0,0.71284306,0.701323569
1701438688,165206665,2.000911158,1.284768515,0,0,0,0.712842941,0.701323688
1701438688,213425714,2.000666778,1.299776843,0,0,0,0.712842822,0.701323867
1701438688,277394015,2.000367321,1.317874995,0,0,0,0.713073909,0.701088905
1701438688,325827417,2.00011078,1.332883118,0,0,0,0.713372052,0.700785518
1701438688,373557333,1.999841244,1.347890895,0,0,0,0.713640034,0.700512588
1701438688,422200025,1.99958184,1.361574264,0,0,0,0.713916183,0.700231194
1701438688,469765622,1.999291323,1.376581721,0,0,0,0.713916183,0.700231194
1701438688,534056979,1.998919623,1.395782418,0,0,0,0.713916183,0.700231194
1701438688,581480179,1.998654617,1.40946568,0,0,0,0.713916183,0.700231194
1701438688,614041259,1.998453865,1.419838456,0,0,0,0.713916183,0.700231194
1701438688,678057456,1.998060709,1.435378665,0,0,0,0.713916183,0.700231194
1701438688,728000350,1.997774484,1.450165342,0,0,0,0.713916183,0.700231194
1701438688,774051954,1.997479676,1.465393458,0,0,0,0.713916183,0.700231194
1701438688,822066304,1.997214789,1.479076721,0,0,0,0.713916183,0.700231194
1701438688,869324068,1.996924391,1.494084177,0,0,0,0.713916183,0.700231194
1701438688,935052455,1.996552812,1.513284875,0,0,0,0.713916183,0.700231194
1701438688,982498860,1.996287806,1.526968137,0,0,0,0.713916183,0.700231194
1701438689,30598347,1.995997289,1.541975594,0,0,0,0.713916183,0.700231194
1701438689,78429810,1.995736695,1.555438079,0,0,0,0.713916183,0.700231194
1701438689,126424338,1.995154354,1.566186729,0,0,0,0.713916183,0.700231194
1701438689,174523797,1.994846305,1.58141463,0,0,0,0.714505017,0.69963032
1701438689,222601008,1.994558411,1.595097426,0,0,0,0.714505017,0.69963032
1701438689,270746930,1.994186116,1.609709831,0,0,0,0.714505017,0.69963032
1701438689,335162561,1.993749566,1.627097347,0,0,0,0.714381933,0.699755967
1701438689,366779487,1.993568009,1.635925013,0,0,0,0.714213431,0.699927986
1701438689,430439117,1.993171158,1.655566763,0,0,0,0.714213431,0.699927986
1701438689,478936784,1.992894356,1.666492762,0,0,0,0.714346647,0.699791968
1701438689,526329674,1.992590012,1.681279137,0,0,0,0.714346647,0.699791968
1701438689,574998831,1.992283405,1.696286268,0,0,0,0.714243591,0.69989717
1701438689,623055211,1.992001353,1.710189964,0,0,0,0.714243591,0.69989717
1701438689,670284524,1.991703564,1.724976519,0,0,0,0.714133263,0.700009763
1701438689,718912242,1.991438083,1.738218214,0,0,0,0.714283884,0.699856043
1701438689,784132750,1.991032772,1.758080557,0,0,0,0.714283884,0.699856043
1701438689,831354969,1.990720202,1.773087599,0,0,0,0.714455903,0.699680448
1701438689,879586435,1.990433623,1.78677046,0,0,0,0.714552879,0.699581444
1701438689,927790232,1.990117359,1.801556591,0,0,0,0.714721203,0.699409425
1701438689,976464251,1.989780232,1.816783908,0,0,0,0.714915931,0.699210405
1701438690,23553352,1.989475771,1.830245498,0,0,0,0.715186238,0.698933959
1701438690,71634021,1.989130661,1.845251802,0,0,0,0.715186238,0.698933959
1701438690,119756371,1.988821194,1.858713273,0,0,0,0.715186238,0.698933959
1701438690,184012190,1.988376423,1.878133063,0,0,0,0.71491313,0.699213266
1701438690,231751548,1.988043233,1.893139722,0,0,0,0.71491313,0.699213266
1701438690,279993886,1.987739488,1.906822207,0,0,0,0.71491313,0.699213266
1701438690,327891522,1.987411186,1.921608092,0,0,0,0.71491313,0.699213266
1701438690,376956656,1.987082885,1.936393977,0,0,0,0.71491313,0.699213266
1701438690,425206755,1.986779139,1.950076461,0,0,0,0.71491313,0.699213266
1701438690,472156652,1.9864655,1.964200258,0,0,0,0.71491313,0.699213266
1701438690,521189437,1.986220406,1.975234508,0,0,0,0.71491313,0.699213266
1701438690,568733441,1.986009763,1.984723925,0,0,0,0.71491313,0.699213266
1701438690,616679427,1.985847519,1.991785645,0,0,0,0.715233386,0.698885679
1701438690,680599985,1.985719965,1.997302651,0,0,0,0.715233386,0.698885679
1701438690,728598691,1.985715316,1.998714208,0,0,0,0.715233386,0.698885679
1701438690,776779783,1.985734628,1.998734593,0,0,0,0.715233386,0.698885679
1701438690,825929300,1.985754416,1.99873507,0,0,0,0.715233386,0.698885679
1701438690,872717642,1.98572366,2.000059127,0,0,0,0.715233386,0.698885679
1701438690,920963223,1.985689328,2.001603841,0,0,0,0.714704514,0.699426472
1701438690,968342032,1.985660718,2.002928018,0,0,0,0.714704514,0.699426472
1701438691,33041298,1.98561673,2.004914283,0,0,0,0.71500808,0.69911623
1701438691,81141737,1.985586927,2.006238221,0,0,0,0.715237439,0.698881507
1701438691,128334702,1.985551164,2.007782935,0,0,0,0.715237439,0.698881507
1701438691,177921542,1.985515402,2.009327649,0,0,0,0.715237439,0.698881507
1701438691,225379217,1.985484646,2.010651587,0,0,0,0.715237439,0.698881507
1701438691,272907516,1.985448883,2.012196301,0,0,0,0.715237439,0.698881507
1701438691,321028245,1.985423253,2.013299702,0,0,0,0.715237439,0.698881507
1701438691,369294278,1.98538749,2.014844416,0,0,0,0.715237439,0.698881507
1701438691,433258236,1.98534076,2.016830443,0,0,0,0.715582848,0.698527873
1701438691,481675865,1.98530762,2.01778221,0,0,0,0.715582848,0.698527873
1701438691,529431929,1.98537092,2.017882346,0,0,0,0.715776742,0.69832921
1701438691,578095776,1.985390828,2.017883061,0,0,0,0.715776742,0.69832921
1701438691,626155571,1.985418484,2.018935679,0,0,0,0.715776742,0.69832921
1701438691,673816570,1.985360072,2.020204066,0,0,0,0.715776742,0.69832921
1701438691,737644294,1.985226081,2.021678685,0,0,0,0.715776742,0.69832921
1701438691,769997851,1.985116647,2.022340297,0,0,0,0.715776742,0.69832921
1701438691,833720904,1.985439465,2.022878407,0,0,0,0.716083109,0.698015034
1701438691,881347811,1.985405491,2.024202346,0,0,0,0.716083109,0.698015034
1701438691,929393796,1.985371516,2.025526285,0,0,0,0.716083109,0.698015034
1701438691,977908988,1.985303805,2.0281744,0,0,0,0.716083109,0.698015034
1701438692,27030534,1.985235141,2.030822277,0,0,0,0.716354907,0.697736084
1701438692,76117538,1.98518853,2.032587529,0,0,0,0.716354907,0.697736084
1701438692,122588389,1.985176847,2.03302908,0,0,0,0.716354907,0.697736084
1701438692,169595783,1.985176847,2.03302908,0,0,0,0.716354907,0.697736084
1701438692,234397789,1.985176847,2.03302908,0,0,0,0.716354907,0.697736084
1701438692,282635378,1.985176847,2.03302908,0,0,0,0.716354907,0.697736084
1701438692,330918243,1.985176847,2.03302908,0,0,0,0.716354907,0.697736084
1701438692,378336767,1.985170648,2.033249617,0,0,0,0.719861269,0.694117963
1701438692,426423510,1.985166714,2.033249379,0,0,0,0.729342222,0.684149086
1701438692,475592271,1.985163376,2.033248902,0,0,0,0.743601978,0.668622553
1701438692,522742824,1.985163376,2.033248902,0,0,0,0.760785878,0.649002969
1701438692,571197722,1.9852051,2.033032179,0,0,0,0.781290591,0.624167442
1701438692,635289991,1.985210583,2.03303361,0,0,0,0.812913597,0.582384348
1701438692,682838905,1.985216544,2.033035756,0,0,0,0.838142037,0.545452058
1701438692,730793795,1.985223219,2.033038855,0,0,0,0.863514066,0.504324734
1701438692,778825496,1.985105918,2.033225537,0,0,0,0.886361301,0.462994188
1701438692,827896408,1.985245631,2.033054591,0,0,0,0.907039583,0.421045423
1701438692,875985143,1.985100792,2.033221246,0,0,0,0.925016999,0.379925698
1701438692,924155579,1.985096262,2.033216,0,0,0,0.94120115,0.337846637
1701438692,971430483,1.985509442,2.034816743,0,0,0,0.955561936,0.294790357
1701438693,35372973,1.985562016,2.035958052,0,0,0,0.971941471,0.235222936
1701438693,84995042,1.985193304,2.037160397,0,0,0,0.982097626,0.188372597
1701438693,131462197,1.985193304,2.037160397,0,0,0,0.989644885,0.143537313
1701438693,178868538,1.984977534,2.037206651,0,0,0,0.995087862,0.098995946
1701438693,227829189,1.985194615,2.037166596,0,0,0,0.998511434,0.054542478
1701438693,276201664,1.984805993,2.037899972,0,0,0,0.999772072,0.021349315
1701438693,338832307,1.984438947,2.038493874,0,0,0,-0.999997377,0.002294495
1701438693,371241525,1.984250118,2.038496019,0,0,0,-0.999964893,0.008381464
1701438693,434624599,1.984175255,2.038711073,0,0,0,-0.999949098,0.010086798
1701438693,483817798,1.983984875,2.038706781,0,0,0,-0.999922037,0.012487759
1701438693,531142522,1.983847187,2.038634302,0,0,0,-0.999829531,0.018462161
1701438693,578479365,1.984107066,2.038682224,0,0,0,-0.99975878,0.021963812
1701438693,626438342,1.983862805,2.038878443,0,0,0,-0.999778748,0.021033242
1701438693,674510241,1.98382883,2.038861515,0,0,0,-0.999786496,0.020664131
1701438693,739201822,1.983852672,2.038890602,0,0,0,-0.999776423,0.021144439
1701438693,787250750,1.983826684,2.038966181,0,0,0,-0.999765217,0.021669555
1701438693,834058253,1.983816313,2.038975718,0,0,0,-0.999765217,0.021669555
1701438693,866269779,1.983816313,2.038975718,0,0,0,-0.999765217,0.021669555
1701438693,930628605,1.983816313,2.038975718,0,0,0,-0.999765217,0.021669555
1701438693,979210847,1.983816313,2.038975718,0,0,0,-0.999765217,0.021669555
1701438694,27240379,1.983872222,2.038894894,0,0,0,-0.999774039,0.021258259
1701438694,75105536,1.982800038,2.038576604,0,0,0,-0.999802113,0.01989229
1701438694,121740111,1.978019205,2.038346765,0,0,0,-0.999802113,0.01989229
1701438694,186632827,1.968438105,2.037692778,0,0,0,-0.999802113,0.01989229
1701438694,233528156,1.959890208,2.037026155,0,0,0,-0.999802113,0.01989229
1701438694,281886508,1.948159855,2.036074858,0,0,0,-0.999802113,0.01989229
1701438694,330829276,1.933253933,2.034443583,0,0,0,-0.999786139,0.020681055
1701438694,377653871,1.917594823,2.033795312,0,0,0,-0.999786139,0.020681055
1701438694,425694879,1.904003548,2.033178514,0,0,0,-0.999786139,0.020681055
1701438694,473723356,1.889544162,2.032199791,0,0,0,-0.999770701,0.021414388
1701438694,537565567,1.870006014,2.031069675,0,0,0,-0.999760628,0.021879552
1701438694,585347298,1.856500571,2.03017488,0,0,0,-0.999760628,0.021879552
1701438694,633653922,1.841961545,2.028223882,0,0,0,-0.999782801,0.020840999
1701438694,665632242,1.832175724,2.02779186,0,0,0,-0.999786794,0.020647923
1701438694,730101717,1.812576525,2.026136986,0,0,0,-0.999782383,0.02085983
1701438694,777321278,1.798240189,2.024864772,0,0,0,-0.999778807,0.021033004
1701438694,826231323,1.783604083,2.023847192,0,0,0,-0.999778807,0.021033004
1701438694,873344039,1.768674482,2.022766193,0,0,0,-0.999770641,0.021417605
1701438694,921450098,1.753918574,2.021742653,0,0,0,-0.999770641,0.021417605
1701438694,985279125,1.734197064,2.020527898,0,0,0,-0.999770641,0.021417605
1701438695,33648873,1.719859945,2.019673635,0,0,0,-0.999770641,0.021417605
1701438695,82136989,1.706004679,2.019120974,0,0,0,-0.999770641,0.021417605
1701438695,129980648,1.691205853,2.017944606,0,0,0,-0.999772966,0.021307243
1701438695,178919966,1.67576383,2.016940857,0,0,0,-0.999772966,0.021307243
1701438695,225854575,1.662326451,2.016371747,0,0,0,-0.999772966,0.021307243
1701438695,272953513,1.647772544,2.015439524,0,0,0,-0.999766886,0.02159185
1701438695,322009129,1.634175899,2.014578111,0,0,0,-0.999766886,0.02159185
1701438695,384996757,1.614548416,2.013730288,0,0,0,-0.999766886,0.02159185
1701438695,432704175,1.599680517,2.012914891,0,0,0,-0.999766886,0.02159185
1701438695,480648490,1.585943205,2.01208638,0,0,0,-0.999766886,0.02159185
1701438695,528604151,1.571559056,2.010972005,0,0,0,-0.999761879,0.021820558
1701438695,578522786,1.556213244,2.009430855,0,0,0,-0.999761879,0.021820558
1701438695,624462190,1.543789643,2.009021965,0,0,0,-0.999761879,0.021820558
1701438695,672522286,1.528656752,2.008345328,0,0,0,-0.999761879,0.021820558
1701438695,720924663,1.513954329,2.00745149,0,0,0,-0.999761879,0.021820558
1701438695,785204004,1.494056242,2.005794708,0,0,0,-0.999761879,0.021820558
1701438695,833055952,1.47931711,2.004766416,0,0,0,-0.999757707,0.022011723
1701438695,880751539,1.464944342,2.00396008,0,0,0,-0.999763131,0.021764066
1701438695,928379702,1.449607665,2.003060284,0,0,0,-0.999763131,0.021764066
1701438695,977285744,1.434662132,2.001934506,0,0,0,-0.999761105,0.021857027
1701438696,24261935,1.420486224,2.001035903,0,0,0,-0.999761105,0.021857027
1701438696,73209677,1.405860305,2.000131115,0,0,0,-0.999756932,0.022047477
1701438696,120299057,1.391257519,1.999459489,0,0,0,-0.999759614,0.021925079
1701438696,185772602,1.370742669,1.998224636,0,0,0,-0.999765813,0.021641785
1701438696,231479311,1.357806781,1.997682162,0,0,0,-0.999770224,0.021435602
1701438696,279994948,1.342824057,1.996704161,0,0,0,-0.999770224,0.021435602
1701438696,327338053,1.328638251,1.995598484,0,0,0,-0.999770224,0.021435602
1701438696,376489189,1.313874161,1.994335686,0,0,0,-0.999770224,0.021435602
1701438696,424401031,1.298964274,1.993324306,0,0,0,-0.99976474,0.021688981
1701438696,472050144,1.283835857,1.992460867,0,0,0,-0.99976474,0.021688981
1701438696,519355907,1.268919401,1.991174352,0,0,0,-0.999770343,0.021431431
1701438696,584966063,1.249395117,1.989988449,0,0,0,-0.999770343,0.021431431
1701438696,631336811,1.235014011,1.98943663,0,0,0,-0.999774039,0.021258498
1701438696,679723338,1.220432155,1.988714218,0,0,0,-0.999774039,0.021258498
1701438696,727525024,1.205943045,1.988132236,0,0,0,-0.999776483,0.021143248
1701438696,777168060,1.190573352,1.987067454,0,0,0,-0.999776483,0.021143248
1701438696,824079784,1.176091774,1.985918267,0,0,0,-0.999772847,0.02131189
1701438696,871994569,1.161182135,1.985057422,0,0,0,-0.999765933,0.021635707
1701438696,919476205,1.146251636,1.98435659,0,0,0,-0.999765933,0.021635707
1701438696,967514716,1.13133282,1.983417933,0,0,0,-0.999765933,0.021635707
1701438697,16079041,1.116358215,1.98260564,0,0,0,-0.999765933,0.021635707
1701438697,79876768,1.097281625,1.981616414,0,0,0,-0.999769688,0.021461703
1701438697,128197903,1.08296137,1.981089264,0,0,0,-0.999765158,0.021671582
1701438697,176011932,1.067965196,1.980438739,0,0,0,-0.999765158,0.021671582
1701438697,223427161,1.054292483,1.979838034,0,0,0,-0.999757826,0.022005646
1701438697,272063025,1.039296783,1.979177615,0,0,0,-0.999757826,0.022005646
1701438697,320033893,1.024740367,1.97817947,0,0,0,-0.999765515,0.021653824
1701438697,367110471,1.010059843,1.976929319,0,0,0,-0.999767303,0.021570873
1701438697,433231362,0.992371215,1.975583207,0,0,0,-0.999761999,0.021815909
1701438697,478744097,0.980868132,1.974832425,0,0,0,-0.999761999,0.021815909
1701438697,526742108,0.9676799,1.974115617,0,0,0,-0.999764919,0.02168183
1701438697,575661171,0.953887254,1.973352436,0,0,0,-0.999764919,0.02168183
1701438697,622568781,0.93903936,1.972386122,0,0,0,-0.999764919,0.02168183
1701438697,671694362,0.923748901,1.971925494,0,0,0,-0.999754906,0.022139603
1701438697,719045218,0.909067177,1.971345536,0,0,0,-0.999748111,0.022442797
1701438697,767041064,0.8941651,1.970671523,0,0,0,-0.999748111,0.022442797
1701438697,831860662,0.87400276,1.968850835,0,0,0,-0.999758899,0.021957854
1701438697,879095586,0.860097329,1.968135218,0,0,0,-0.999758899,0.021957854
1701438697,926435445,0.845322199,1.967484689,0,0,0,-0.999752522,0.022245554
1701438697,974268072,0.830737254,1.966456027,0,0,0,-0.999750197,0.022351028
1701438698,23220172,0.816651391,1.965624776,0,0,0,-0.999750197,0.022351028
1701438698,71284543,0.803816279,1.964952194,0,0,0,-0.999750197,0.022351028
1701438698,118421703,0.791447995,1.96430691,0,0,0,-0.999750197,0.022351028
1701438698,182869029,0.7716013,1.963419033,0,0,0,-0.999750197,0.022351028
1701438698,214476304,0.761457476,1.9629652,0,0,0,-0.999750197,0.022351028
1701438698,279107969,0.743667945,1.962150634,0,0,0,-0.999751508,0.022292273
1701438698,326047789,0.729389355,1.961125074,0,0,0,-0.999751508,0.022292273
1701438698,374883773,0.71426527,1.960126574,0,0,0,-0.999751508,0.022292273
1701438698,422854104,0.699786471,1.959094696,0,0,0,-0.999748707,0.022417173
1701438698,470915619,0.684644216,1.957905462,0,0,0,-0.999741197,0.022748252
1701438698,534176542,0.665517164,1.956823638,0,0,0,-0.999734998,0.023019025
1701438698,566067865,0.656476495,1.95640712,0,0,0,-0.999734998,0.023019025
1701438698,630523994,0.637142685,1.955198694,0,0,0,-0.999734998,0.023019025
1701438698,661768392,0.629577298,1.954661658,0,0,0,-0.999740303,0.022787699
1701438698,725702308,0.609588156,1.953448464,0,0,0,-0.999740303,0.022787699
1701438698,773501283,0.596073034,1.952646543,0,0,0,-0.999740303,0.022787699
1701438698,821430800,0.582538779,1.951982785,0,0,0,-0.999740303,0.022787699
1701438698,869474005,0.567307875,1.951150943,0,0,0,-0.999743819,0.022634318
1701438698,918322574,0.554297603,1.950561572,0,0,0,-0.999743819,0.022634318
1701438698,965584941,0.539942174,1.94987886,0,0,0,-0.999743819,0.022634318
1701438699,29631234,0.520316736,1.948985624,0,0,0,-0.999737501,0.022911169
1701438699,77882840,0.507086334,1.948378847,0,0,0,-0.999737501,0.022911169
1701438699,126237489,0.492475491,1.947593138,0,0,0,-0.999747515,0.022470685
1701438699,174102053,0.477630519,1.946772143,0,0,0,-0.999747515,0.022470685
1701438699,222058267,0.462882823,1.945598646,0,0,0,-0.999747515,0.022470685
1701438699,270112174,0.448103686,1.944850607,0,0,0,-0.999747515,0.022470685
1701438699,334140991,0.428108804,1.943727536,0,0,0,-0.999729156,0.023273706
1701438699,366044886,0.418074733,1.943213386,0,0,0,-0.999729156,0.023273706
1701438699,413520959,0.40352927,1.942364257,0,0,0,-0.999729156,0.023273706
1701438699,461476943,0.388459372,1.941477935,0,0,0,-0.999729156,0.023273706
1701438699,526859824,0.368444252,1.94000546,0,0,0,-0.999729156,0.023273706
1701438699,573738562,0.353996806,1.939181365,0,0,0,-0.999729156,0.023273706
1701438699,621699575,0.338903756,1.937995112,0,0,0,-0.999727905,0.023325669
1701438699,668809100,0.324750373,1.937055742,0,0,0,-0.999727905,0.023325669
1701438699,732261160,0.304627396,1.935603416,0,0,0,-0.99972558,0.023425896
1701438699,781165923,0.28983576,1.934581552,0,0,0,-0.999719262,0.023693088
1701438699,812537465,0.279345826,1.934019956,0,0,0,-0.999719262,0.023693088
1701438699,877018015,0.261265625,1.933160943,0,0,0,-0.999718189,0.023738733
1701438699,925570282,0.247174965,1.932302513,0,0,0,-0.999723196,0.02352648
1701438699,972441087,0.232574682,1.931551254,0,0,0,-0.999723196,0.02352648
1701438700,20375526,0.218005635,1.930776868,0,0,0,-0.999723196,0.02352648
1701438700,68448290,0.203030189,1.930120378,0,0,0,-0.999710023,0.024080528
1701438700,133207773,0.184913655,1.929219749,0,0,0,-0.999697804,0.024581773
1701438700,180491478,0.170318768,1.928257848,0,0,0,-0.999697804,0.024581773
1701438700,228275610,0.155396829,1.92725029,0,0,0,-0.999706447,0.024228901
1701438700,277110471,0.143417278,1.92662456,0,0,0,-0.999715209,0.023863032
1701438700,324319403,0.130160366,1.925827049,0,0,0,-0.999715209,0.023863032
1701438700,375043619,0.1158431,1.924698139,0,0,0,-0.999718606,0.023722645
1701438700,420950535,0.10130227,1.923882269,0,0,0,-0.999718606,0.023722645
1701438700,469034000,0.087126693,1.92295624,0,0,0,-0.999714494,0.023894852
1701438700,534001816,0.067021531,1.921947133,0,0,0,-0.999714494,0.023894852
1701438700,580996644,0.053087686,1.921205889,0,0,0,-0.999714494,0.023894852
1701438700,627807506,0.042406911,1.920569187,0,0,0,-0.999704599,0.024304219
1701438700,675772271,0.034159202,1.920059211,0,0,0,-0.999696314,0.024642074
1701438700,723708096,0.028197958,1.919532782,0,0,0,-0.999696314,0.024642074
1701438700,772592007,0.023788542,1.919315345,0,0,0,-0.999696314,0.024642074
1701438700,820573779,0.023801167,1.91926623,0,0,0,-0.999696314,0.024642074
1701438700,867644342,0.023725803,1.91934312,0,0,0,-0.999687672,0.024992084
1701438700,915991278,0.023216894,1.919384367,0,0,0,-0.999687672,0.024992084
1701438700,979984810,0.020757657,1.919306881,0,0,0,-0.999687672,0.024992084
1701438701,27825008,0.018934413,1.919225103,0,0,0,-0.999687672,0.024992084
1701438701,75927647,0.017350641,1.91908682,0,0,0,-0.999698639,0.024549119
1701438701,124056758,0.015872868,1.91880036,0,0,0,-0.999707818,0.024170863
1701438701,173234489,0.014494893,1.918566948,0,0,0,-0.999707818,0.024170863
1701438701,220228701,0.013198026,1.918486959,0,0,0,-0.999707818,0.024170863
1701438701,267317519,0.012080603,1.91843999,0,0,0,-0.999702632,0.024384184
1701438701,315627780,0.010878836,1.918255335,0,0,0,-0.999702632,0.024384184
1701438701,379603991,0.008829331,1.91813386,0,0,0,-0.999702632,0.024384184
1701438701,427960052,0.007415375,1.917977577,0,0,0,-0.99969542,0.02468021
1701438701,476202329,0.006083459,1.917889481,0,0,0,-0.999696016,0.024656018
1701438701,523763468,0.004791027,1.917728906,0,0,0,-0.999696016,0.024656018
1701438701,571450727,0.003415013,1.917643313,0,0,0,-0.999696016,0.024656018
1701438701,620335815,0.002268408,1.917540436,0,0,0,-0.999696016,0.024656018
1701438701,667533879,0.000990337,1.917480116,0,0,0,-0.999696016,0.024656018
1701438701,716160336,-0.000526503,1.917426352,0,0,0,-0.999696016,0.024656018
1701438701,763603437,-0.001845277,1.917383556,0,0,0,-0.999696016,0.024656018
1701438701,827073338,-0.003448523,1.917275553,0,0,0,-0.999696016,0.024656018
1701438701,874372932,-0.004939688,1.917187934,0,0,0,-0.999688089,0.024974566
1701438701,923226161,-0.006471891,1.917052989,0,0,0,-0.999688089,0.024974566
1701438701,971795675,-0.007954595,1.9170996,0,0,0,-0.999688089,0.024974566
1701438702,19974189,-0.009108848,1.917134647,0,0,0,-0.999688089,0.024974566
1701438702,66337767,-0.010378064,1.916914944,0,0,0,-0.999688089,0.024974566
1701438702,115231600,-0.013195636,1.91650713,0,0,0,-0.999659121,0.026109068
1701438702,163022923,-0.016350107,1.916423683,0,0,0,-0.999659121,0.026109068
1701438702,226858856,-0.01622248,1.916424876,0,0,0,-0.999675035,0.025492128
1701438702,258345002,-0.015956799,1.916469698,0,0,0,-0.999675035,0.025492128
1701438702,322635502,-0.015679531,1.916485434,0,0,0,-0.999675035,0.025492128
1701438702,370813013,-0.015373256,1.916697746,0,0,0,-0.999562562,0.029575402
1701438702,418742488,-0.015240465,1.917240626,0,0,0,-0.999064744,0.043239295
1701438702,466628271,-0.015817742,1.917920597,0,0,0,-0.997972369,0.063648283
1701438702,514400927,-0.017080342,1.918817887,0,0,0,-0.995907605,0.090376943
1701438702,563052426,-0.018305376,1.920377384,0,0,0,-0.992392123,0.123117395
1701438702,611101517,-0.019275364,1.921725999,0,0,0,-0.986950457,0.161024109
1701438702,675031181,-0.022073248,1.923831235,0,0,0,-0.975478292,0.220095709
1701438702,723074726,-0.023392193,1.923730146,0,0,0,-0.963697791,0.26699537
1701438702,771218070,-0.026463319,1.924464593,0,0,0,-0.949955881,0.312384069
1701438702,819070381,-0.027880256,1.924983034,0,0,0,-0.934687257,0.355471134
1701438702,868106048,-0.029312237,1.925032504,0,0,0,-0.917275786,0.398252606
1701438702,914708408,-0.029312237,1.925032504,0,0,0,-0.898140132,0.439709336
1701438702,962182907,-0.029773575,1.924973613,0,0,0,-0.877740204,0.479136825
1701438703,27211343,-0.030319499,1.924962525,0,0,0,-0.845907152,0.533330142
1701438703,73900646,-0.030650399,1.924799684,0,0,0,-0.821443558,0.570289791
1701438703,121516228,-0.030967681,1.924923065,0,0,0,-0.794585526,0.607152283
1701438703,170471590,-0.031514104,1.924667119,0,0,0,-0.765688419,0.643211663
1701438703,217427530,-0.031525117,1.924250361,0,0,0,-0.737098098,0.67578578
1701438703,266453910,-0.032063757,1.923755875,0,0,0,-0.713016331,0.701147377
1701438703,313680676,-0.032614214,1.92333518,0,0,0,-0.698566973,0.715544701
1701438703,361745287,-0.032797811,1.922928196,0,0,0,-0.691035151,0.722821176
1701438703,426481487,-0.033193262,1.922848085,0,0,0,-0.69046098,0.723369598
1701438703,458219275,-0.033192993,1.92278252,0,0,0,-0.690025032,0.72378546
1701438703,522172146,-0.032981777,1.922831277,0,0,0,-0.684393883,0.729112446
1701438703,570173089,-0.033094366,1.922698477,0,0,0,-0.682420671,0.730959654
1701438703,618091038,-0.03323668,1.922737816,0,0,0,-0.684205234,0.729289532
1701438703,667116706,-0.033123707,1.922691801,0,0,0,-0.685846031,0.727746665
1701438703,713337724,-0.033045815,1.922716716,0,0,0,-0.685846031,0.727746665
1701438703,761627620,-0.033099086,1.922644832,0,0,0,-0.685602725,0.727975905
1701438703,827131235,-0.03317696,1.922619917,0,0,0,-0.685602725,0.727975905
1701438703,876098599,-0.033186206,1.922609426,0,0,0,-0.685602725,0.727975905
1701438703,921017761,-0.033186206,1.922609426,0,0,0,-0.685602725,0.727975905
1701438703,969764999,-0.033186206,1.922609426,0,0,0,-0.685602725,0.727975905
1701438704,17680685,-0.033270964,1.922526217,0,0,0,-0.685279429,0.728280246
1701438704,81844292,-0.032932323,1.921061242,0,0,0,-0.683632851,0.729826093
1701438704,113772828,-0.032701725,1.917536904,0,0,0,-0.683632851,0.729826093
1701438704,160475955,-0.032225084,1.910272458,0,0,0,-0.683632851,0.729826093
1701438704,225174097,-0.031296176,1.896715132,0,0,0,-0.683632851,0.729826093
1701438704,274168385,-0.03027643,1.884340341,0,0,0,-0.683556676,0.729897439
1701438704,320471329,-0.029219549,1.871153831,0,0,0,-0.683556676,0.729897439
1701438704,368385805,-0.02817783,1.855516079,0,0,0,-0.683045268,0.730376005
1701438704,416318108,-0.027154571,1.842476628,0,0,0,-0.682548046,0.730840683
1701438704,464423279,-0.026035061,1.827763341,0,0,0,-0.682197988,0.731167495
1701438704,514198528,-0.024936721,1.812761418,0,0,0,-0.681840658,0.731500745
1701438704,560559701,-0.023908711,1.798958876,0,0,0,-0.681840658,0.731500745
1701438704,624738400,-0.022661564,1.780343409,0,0,0,-0.681840658,0.731500745
1701438704,673231187,-0.021733819,1.767131561,0,0,0,-0.682160378,0.731202602
1701438704,720876277,-0.020765772,1.75414729,0,0,0,-0.682160378,0.731202602
1701438704,769131121,-0.019710046,1.73895296,0,0,0,-0.682160378,0.731202602
1701438704,816976265,-0.018919089,1.726838217,0,0,0,-0.682160378,0.731202602
1701438704,865136061,-0.018112061,1.71354266,0,0,0,-0.682458699,0.730924189
1701438704,912893094,-0.017261772,1.698871744,0,0,0,-0.68245852,0.730924308
1701438704,962041700,-0.016365718,1.685491892,0,0,0,-0.682458401,0.730924428
1701438705,25030071,-0.014645815,1.666364959,0,0,0,-0.682458341,0.730924487
1701438705,72349170,-0.013167523,1.651509402,0,0,0,-0.682636201,0.730758369
1701438705,122148053,-0.011620794,1.636486871,0,0,0,-0.682636201,0.730758369
1701438705,168673312,-0.010463408,1.621937868,0,0,0,-0.682407022,0.730972409
1701438705,216607703,-0.009174415,1.607164995,0,0,0,-0.682407022,0.730972409
1701438705,263760501,-0.008144125,1.592190178,0,0,0,-0.682412505,0.730967283
1701438705,329192935,-0.006830172,1.573030813,0,0,0,-0.682528317,0.73085916
1701438705,376549386,-0.005898855,1.559376733,0,0,0,-0.682644427,0.73075068
1701438705,423658037,-0.00488089,1.544494214,0,0,0,-0.682703316,0.730695665
1701438705,457061221,-0.004087234,1.534528032,0,0,0,-0.682703435,0.730695546
1701438705,520272732,-0.002729771,1.514694382,0,0,0,-0.68294853,0.730466485
1701438705,567277345,-0.002199927,1.501913306,0,0,0,-0.68294853,0.730466485
1701438705,616244812,-0.001168319,1.487264335,0,0,0,-0.68294853,0.730466485
1701438705,663352582,-0.00035633,1.475981968,0,0,0,-0.68294853,0.730466485
1701438705,711734392,0.000518368,1.462987746,0,0,0,-0.68294853,0.730466485
1701438705,760201423,0.001541318,1.447791125,0,0,0,-0.68294853,0.730466485
1701438705,824116526,0.002836529,1.428984714,0,0,0,-0.68294853,0.730466485
1701438705,872136150,0.00371612,1.415990948,0,0,0,-0.682784319,0.730620027
1701438705,919788683,0.004977669,1.401374827,0,0,0,-0.682700396,0.730698407
1701438705,969922850,0.006417651,1.386149048,0,0,0,-0.682507277,0.73087883
1701438706,15934879,0.007519051,1.37187284,0,0,0,-0.682355225,0.731020749
1701438706,63978088,0.008551495,1.356898157,0,0,0,-0.682355225,0.731020749
1701438706,128418357,0.009938618,1.337682784,0,0,0,-0.682124197,0.731236339
1701438706,175448910,0.010933617,1.323136493,0,0,0,-0.682124197,0.731236339
1701438706,223982460,0.012033001,1.308237069,0,0,0,-0.682194531,0.731170714
1701438706,271472320,0.01341167,1.293709639,0,0,0,-0.682194531,0.731170714
1701438706,319884743,0.014539129,1.279083854,0,0,0,-0.682194531,0.731170714
1701438706,368577913,0.015649103,1.26402652,0,0,0,-0.682194531,0.731170714
1701438706,415508310,0.016483263,1.251338728,0,0,0,-0.682279408,0.731091499
1701438706,462686110,0.017638141,1.237429944,0,0,0,-0.682279229,0.731091678
1701438706,528191650,0.01911733,1.217046966,0,0,0,-0.682009637,0.73134321
1701438706,575755428,0.020147277,1.202388973,0,0,0,-0.681739748,0.731594741
1701438706,607392618,0.020633001,1.192509296,0,0,0,-0.681741714,0.731592953
1701438706,671137214,0.022066591,1.173026328,0,0,0,-0.681922257,0.731424689
1701438706,718890648,0.023170676,1.158037958,0,0,0,-0.681952596,0.731396377
1701438706,767290418,0.024266433,1.143888296,0,0,0,-0.68186909,0.731474221
1701438706,816221242,0.025251829,1.130545011,0,0,0,-0.681507587,0.731811047
1701438706,863147414,0.026437791,1.116022663,0,0,0,-0.681422055,0.731890678
1701438706,927640745,0.027625204,1.098513186,0,0,0,-0.681407869,0.731903911
1701438706,958917403,0.028229066,1.08972519,0,0,0,-0.681407988,0.731903791
1701438707,22647008,0.029504719,1.070359525,0,0,0,-0.681645989,0.731682122
1701438707,70761497,0.030685813,1.057009041,0,0,0,-0.681645989,0.731682122
1701438707,118512525,0.032115182,1.042496027,0,0,0,-0.681645989,0.731682122
1701438707,168239268,0.033538247,1.027153197,0,0,0,-0.681755483,0.731580138
1701438707,216150747,0.034454243,1.013948972,0,0,0,-0.681755483,0.731580138
1701438707,263225453,0.035708711,0.999193597,0,0,0,-0.681755483,0.731580138
1701438707,328160167,0.037236889,0.980698443,0,0,0,-0.68136996,0.731939197
1701438707,359137266,0.038072668,0.972089145,0,0,0,-0.680914223,0.732363164
1701438707,422891645,0.039487942,0.95230272,0,0,0,-0.680914223,0.732363164
1701438707,470279432,0.040564373,0.937842093,0,0,0,-0.680914223,0.732363164
1701438707,519163178,0.041793533,0.924382405,0,0,0,-0.681174397,0.732121229
1701438707,568028784,0.0431381,0.909922787,0,0,0,-0.681174397,0.732121229
1701438707,614892367,0.044219394,0.895504598,0,0,0,-0.680975795,0.732305944
1701438707,662964688,0.045339325,0.880234064,0,0,0,-0.680975795,0.732305944
1701438707,726651179,0.046790829,0.860450504,0,0,0,-0.680975795,0.732305944
1701438707,774442973,0.047770645,0.847808179,0,0,0,-0.680975795,0.732305944
1701438707,806831227,0.048362408,0.837981876,0,0,0,-0.681210041,0.732088029
1701438707,869691446,0.04964745,0.820175879,0,0,0,-0.681254983,0.732046187
1701438707,918233143,0.050833652,0.804989983,0,0,0,-0.681254864,0.732046306
1701438707,967232361,0.051911142,0.790018484,0,0,0,-0.681254804,0.732046366
1701438708,13533913,0.052861871,0.7768083,0,0,0,-0.681254804,0.732046366
1701438708,61262670,0.054029573,0.762104191,0,0,0,-0.68116343,0.732131422
1701438708,109309653,0.054988554,0.749611951,0,0,0,-0.680839539,0.732432604
1701438708,173691061,0.056747038,0.72997311,0,0,0,-0.680639386,0.73261857
1701438708,205947254,0.057476734,0.720066697,0,0,0,-0.680639386,0.73261857
1701438708,269849443,0.058802496,0.702014708,0,0,0,-0.680856407,0.732416928
1701438708,317840053,0.05990679,0.687751645,0,0,0,-0.681007802,0.732276142
1701438708,366062542,0.060994381,0.672780872,0,0,0,-0.681007802,0.732276142
1701438708,413969489,0.062019946,0.658690822,0,0,0,-0.680713534,0.732549667
1701438708,463083203,0.063061125,0.645138441,0,0,0,-0.680387378,0.732852697
1701438708,510203895,0.064131265,0.631498369,0,0,0,-0.680387378,0.732852697
1701438708,557819017,0.06522662,0.616749501,0,0,0,-0.680426061,0.732816756
1701438708,605389846,0.066354336,0.601560375,0,0,0,-0.680426061,0.732816756
1701438708,670178615,0.067850335,0.584105352,0,0,0,-0.68079108,0.732477665
1701438708,717835192,0.06893482,0.56988659,0,0,0,-0.68079108,0.732477665
1701438708,765512301,0.070074636,0.555107715,0,0,0,-0.6808002,0.732469141
1701438708,813443235,0.071262657,0.542031529,0,0,0,-0.6808002,0.732469141
1701438708,861830394,0.072361181,0.527061511,0,0,0,-0.680445611,0.732798576
1701438708,909133795,0.073530495,0.51327995,0,0,0,-0.680158675,0.73306495
1701438708,956855345,0.074712249,0.499798048,0,0,0,-0.67980808,0.733390093
1701438709,21318955,0.076185928,0.482210335,0,0,0,-0.67980808,0.733390093
1701438709,68267082,0.077153038,0.469444058,0,0,0,-0.680242658,0.732986987
1701438709,116669750,0.078382944,0.454108543,0,0,0,-0.680484354,0.732762575
1701438709,166153867,0.079952401,0.439167507,0,0,0,-0.680850923,0.732422054
1701438709,213120150,0.081565809,0.424838954,0,0,0,-0.680726528,0.732537627
1701438709,262214103,0.082832,0.409561052,0,0,0,-0.680449724,0.732794821
1701438709,310086877,0.084042711,0.39666843,0,0,0,-0.680251122,0.732979119
1701438709,356459241,0.085183665,0.38143778,0,0,0,-0.680251122,0.732979119
1701438709,420616297,0.086665289,0.361626614,0,0,0,-0.68022424,0.733004093
1701438709,469809668,0.087738291,0.349526679,0,0,0,-0.680312812,0.732921839
1701438709,516886759,0.088997728,0.333931239,0,0,0,-0.680314481,0.732920289
1701438709,612748375,0.091079891,0.305674855,0,0,0,-0.680314481,0.732920289
1701438709,660884181,0.092365759,0.290854249,0,0,0,-0.680112064,0.733108163
1701438709,708807632,0.093340735,0.278519957,0,0,0,-0.680112064,0.733108163
1701438709,756428904,0.094473113,0.263552474,0,0,0,-0.679861188,0.733340859
1701438709,820822957,0.095934315,0.243703315,0,0,0,-0.679861188,0.733340859
1701438709,868440251,0.096936518,0.231857567,0,0,0,-0.679861188,0.733340859
1701438709,917207403,0.097912867,0.218513007,0,0,0,-0.679943264,0.733264744
1701438709,964568043,0.09904395,0.203545436,0,0,0,-0.679943264,0.733264744
1701438710,12394350,0.100075232,0.189898543,0,0,0,-0.679943264,0.733264744
1701438710,60635874,0.101209378,0.174931219,0,0,0,-0.679796517,0.733400762
1701438710,125032131,0.102664166,0.155782124,0,0,0,-0.679796517,0.733400762
1701438710,155844237,0.10344543,0.147460771,0,0,0,-0.679796517,0.733400762
1701438710,220518971,0.104913922,0.129988437,0,0,0,-0.679796517,0.733400762
1701438710,267649859,0.106291166,0.116001644,0,0,0,-0.679870546,0.733332098
1701438710,317437052,0.108005496,0.100589329,0,0,0,-0.679543793,0.733634949
1701438710,364097953,0.10925252,0.086530538,0,0,0,-0.679543793,0.733634949
1701438710,413053389,0.110568605,0.071512105,0,0,0,-0.679543793,0.733634949
1701438710,460176861,0.112428947,0.057135593,0,0,0,-0.679543793,0.733634949
1701438710,508106894,0.11390606,0.04209177,0,0,0,-0.679465294,0.733707666
1701438710,556522237,0.114989835,0.029428011,0,0,0,-0.679465294,0.733707666
1701438710,603572340,0.116132271,0.014682701,0,0,0,-0.679053485,0.734088778
1701438710,667869441,0.117840519,-0.003402864,0,0,0,-0.679207385,0.733946383
1701438710,716764841,0.118909638,-0.016812137,0,0,0,-0.679464817,0.733708084
1701438710,763729722,0.119840278,-0.028917053,0,0,0,-0.679464817,0.733708084
1701438710,811697172,0.120500947,-0.037500477,0,0,0,-0.679399788,0.733768344
1701438710,859949178,0.120977553,-0.043849083,0,0,0,-0.679399788,0.733768344
1701438710,907848634,0.121301273,-0.04803061,0,0,0,-0.679090858,0.734054267
1701438710,972186271,0.121703123,-0.051052556,0,0,0,-0.679090858,0.734054267
1701438711,19583238,0.121622745,-0.050893713,0,0,0,-0.678741813,0.734377027
1701438711,67596972,0.121714485,-0.051154707,0,0,0,-0.678741813,0.734377027
1701438711,115593927,0.121773804,-0.05294466,0,0,0,-0.678477645,0.734621048
1701438711,163468906,0.12193914,-0.054985794,0,0,0,-0.678917408,0.734214604
1701438711,211414083,0.122128206,-0.05676149,0,0,0,-0.678917408,0.734214604
1701438711,259650504,0.122186753,-0.057918559,0,0,0,-0.679136753,0.73401171
1701438711,307536837,0.12253692,-0.058894562,0,0,0,-0.679136753,0.73401171
1701438711,371824985,0.122643297,-0.0605416,0,0,0,-0.679496169,0.733679056
1701438711,419079332,0.122775218,-0.061573717,0,0,0,-0.678836882,0.73428911
1701438711,467214997,0.122965307,-0.062923483,0,0,0,-0.678535581,0.734567583
1701438711,514539563,0.123158763,-0.064624716,0,0,0,-0.678386748,0.734704971
1701438711,564383970,0.1233476,-0.066251063,0,0,0,-0.678386748,0.734704971
1701438711,611019465,0.123514978,-0.067859335,0,0,0,-0.678386748,0.734704971
1701438711,658374693,0.123610062,-0.069553417,0,0,0,-0.678386748,0.734704971
1701438711,707067979,0.123706249,-0.071376812,0,0,0,-0.678386748,0.734704971
1701438711,755213852,0.124166141,-0.074304009,0,0,0,-0.678135693,0.734936714
1701438711,818339814,0.124553171,-0.078332314,0,0,0,-0.678135872,0.734936535
1701438711,866868697,0.124529648,-0.078752453,0,0,0,-0.678135991,0.734936416
1701438711,914614693,0.124540385,-0.078761483,0,0,0,-0.67813617,0.734936297
1701438711,963735494,0.124531355,-0.07877222,0,0,0,-0.678136289,0.734936178
1701438712,10761699,0.124531355,-0.07877222,0,0,0,-0.678136468,0.734935999
1701438712,58948889,0.124551121,-0.078770513,0,0,0,-0.678136468,0.734935999
1701438712,107249540,0.124409551,-0.078475121,0,0,0,-0.675414205,0.73743856
1701438712,154933356,0.123819635,-0.078811613,0,0,0,-0.665738344,0.746185243
1701438712,218760427,0.122959279,-0.079808538,0,0,0,-0.643393874,0.765535355
1701438712,267070428,0.121722584,-0.080838344,0,0,0,-0.621074915,0.78375119
1701438712,315100585,0.120513552,-0.082313128,0,0,0,-0.593643427,0.80472821
1701438712,362361778,0.119717109,-0.083940024,0,0,0,-0.560874164,0.827901065
1701438712,411336382,0.118763219,-0.085024936,0,0,0,-0.521398127,0.853313506
1701438712,458512937,0.118763219,-0.085024936,0,0,0,-0.479979336,0.877279818
1701438712,522600798,0.118700723,-0.086298161,0,0,0,-0.423445702,0.905921459
1701438712,572157667,0.118445351,-0.087485926,0,0,0,-0.381144702,0.924515367
1701438712,618586602,0.118445351,-0.087485926,0,0,0,-0.338878602,0.940830112
1701438712,651637163,0.118205538,-0.088414187,0,0,0,-0.309152395,0.951012492
1701438712,714075098,0.118205538,-0.088414187,0,0,0,-0.252047062,0.967714965
1701438712,762495426,0.118205538,-0.088414187,0,0,0,-0.206271917,0.978494704
1701438712,811346294,0.118176503,-0.088462437,0,0,0,-0.160727724,0.986998796
1701438712,857983737,0.11841788,-0.088563534,0,0,0,-0.117414981,0.993082941
1701438712,905315593,0.118794223,-0.0889703,0,0,0,-0.07161437,0.997432411
1701438712,953648452,0.119189737,-0.089314174,0,0,0,-0.028209999,0.99960202
1701438713,17752465,0.119439122,-0.089728353,0,0,0,0.014832239,0.99988997
1701438713,65571165,0.120043968,-0.090138016,0,0,0,0.032375127,0.999475777
1701438713,114198794,0.120329989,-0.090160062,0,0,0,0.040701937,0.999171317
1701438713,162064898,0.120645522,-0.090515954,0,0,0,0.039994765,0.999199867
1701438713,209970028,0.120694487,-0.090572124,0,0,0,0.037065461,0.999312818
1701438713,258143121,0.120689748,-0.09051281,0,0,0,0.037065472,0.999312818
1701438713,321835387,0.120651564,-0.09043668,0,0,0,0.037507351,0.999296367
1701438713,369648994,0.120651564,-0.09043668,0,0,0,0.037507374,0.999296367
1701438713,401946822,0.120662248,-0.090445769,0,0,0,0.037507389,0.999296367
1701438713,465392057,0.120662248,-0.090445769,0,0,0,0.037507407,0.999296367
1701438713,513738359,0.120662248,-0.090445769,0,0,0,0.037507419,0.999296367
1701438713,561815157,0.120662248,-0.090445769,0,0,0,0.03750743,0.999296367
1701438713,610171520,0.120662248,-0.090445769,0,0,0,0.037507441,0.999296367
1701438713,659166397,0.120662248,-0.090445769,0,0,0,0.037507452,0.999296367
1701438713,705572695,0.120662248,-0.090445769,0,0,0,0.037507463,0.999296367
1701438713,753480684,0.120662248,-0.090445769,0,0,0,0.037507474,0.999296367
1701438713,817891083,0.120662248,-0.090445769,0,0,0,0.037507489,0.999296367
1701438713,865128685,0.120662248,-0.090445769,0,0,0,0.0375075,0.999296367
1701438713,912642430,0.120662248,-0.090445769,0,0,0,0.037507512,0.999296367
1701438713,962191040,0.120662248,-0.090445769,0,0,0,0.037507523,0.999296367
1701438714,10072056,0.120662248,-0.090445769,0,0,0,0.037507534,0.999296367
1701438714,58018858,0.120662248,-0.090445769,0,0,0,0.037507545,0.999296367
1701438714,120948988,0.120662248,-0.090445769,0,0,0,0.03750756,0.999296367
1701438714,153229799,0.120662248,-0.090445769,0,0,0,0.03750756,0.999296367
1701438714,217881273,0.120662248,-0.090445769,0,0,0,0.03750756,0.999296367
1701438714,264859138,0.120662248,-0.090445769,0,0,0,0.03750756,0.999296367
1701438714,312959336,0.120662248,-0.090445769,0,0,0,0.03750756,0.999296367
1701438714,360742156,0.120662248,-0.090445769,0,0,0,0.03750756,0.999296367
1701438714,408673645,0.120662248,-0.090445769,0,0,0,0.03750756,0.999296367
1701438714,457915329,0.120662248,-0.090445769,0,0,0,0.03750756,0.999296367
1701438714,504835979,0.120662248,-0.090445769,0,0,0,0.03750756,0.999296367
1701438714,553060458,0.120674043,-0.090457429,0,0,0,0.037569512,0.999294043
1701438714,600546791,0.120674043,-0.090457429,0,0,0,0.037569523,0.999294043
1701438714,665527450,0.120674043,-0.090457429,0,0,0,0.037569538,0.999294043
1701438714,712376315,0.120674043,-0.090457429,0,0,0,0.037569549,0.999294043
1701438714,760393647,0.120674043,-0.090457429,0,0,0,0.03756956,0.999294043
1701438714,808361075,0.120674043,-0.090457429,0,0,0,0.037569564,0.999294043
1701438714,872355330,0.120674043,-0.090457429,0,0,0,0.037569564,0.999294043
1701438714,905419068,0.120674043,-0.090457429,0,0,0,0.037569564,0.999294043
1701438714,952817675,0.120674043,-0.090457429,0,0,0,0.037569564,0.999294043
1701438715,17065196,0.120674043,-0.090457429,0,0,0,0.037569564,0.999294043
1701438715,64449106,0.120674043,-0.090457429,0,0,0,0.037569564,0.999294043
1701438715,111786363,0.120674043,-0.090457429,0,0,0,0.037569564,0.999294043
1701438715,161094264,0.120674043,-0.090457429,0,0,0,0.037569564,0.999294043
1701438715,208085510,0.120674043,-0.090457429,0,0,0,0.037569564,0.999294043
1701438715,255994308,0.120674043,-0.090457429,0,0,0,0.037569564,0.999294043
1701438715,304314059,0.120674043,-0.090457429,0,0,0,0.037569564,0.999294043
1701438715,351738652,0.120674043,-0.090457429,0,0,0,0.037569564,0.999294043
1701438715,399993772,0.120674043,-0.090457429,0,0,0,0.037569564,0.999294043
1701438715,448886958,0.120674043,-0.090457429,0,0,0,0.037569564,0.999294043
1701438715,512090970,0.120674043,-0.090457429,0,0,0,0.037569564,0.999294043
1701438715,559740333,0.120674043,-0.090457429,0,0,0,0.037569564,0.999294043
1701438715,607711928,0.120674043,-0.090457429,0,0,0,0.037569564,0.999294043
1701438715,655671099,0.120674043,-0.090457429,0,0,0,0.037569564,0.999294043
1701438715,719365347,0.120693817,-0.090455828,0,0,0,0.037569564,0.999294043
1701438715,752309333,0.120693817,-0.090455828,0,0,0,0.037569564,0.999294043
1701438715,799574195,0.120693817,-0.090455828,0,0,0,0.037569564,0.999294043
1701438715,863430763,0.120693817,-0.090455828,0,0,0,0.037569564,0.999294043
1701438715,912970665,0.120693817,-0.090455828,0,0,0,0.037569564,0.999294043
1701438715,959425357,0.120684086,-0.090446209,0,0,0,0.037518457,0.99929595
1701438716,7369363,0.120684086,-0.090446209,0,0,0,0.037518445,0.99929595
1701438716,55344970,0.120684086,-0.090446209,0,0,0,0.037518434,0.99929595
1701438716,120170856,0.120684086,-0.090446209,0,0,0,0.037518419,0.99929595
1701438716,151835064,0.120684086,-0.090446209,0,0,0,0.037518412,0.99929595
1701438716,215383620,0.120684086,-0.090446209,0,0,0,0.037518397,0.99929595
1701438716,263719871,0.120684086,-0.090446209,0,0,0,0.037518386,0.99929595
1701438716,312240698,0.120684086,-0.090446209,0,0,0,0.037518375,0.99929595
1701438716,360102743,0.120684086,-0.090446209,0,0,0,0.037518375,0.99929595
1701438716,408032315,0.120684086,-0.090446209,0,0,0,0.037518375,0.99929595
1701438716,455071651,0.120684086,-0.090446209,0,0,0,0.037518375,0.99929595
1701438716,518409193,0.120684086,-0.090446209,0,0,0,0.037518375,0.99929595
1701438716,550872858,0.120684086,-0.090446209,0,0,0,0.037518375,0.99929595
1701438716,614479745,0.120684086,-0.090446209,0,0,0,0.037518375,0.99929595
1701438716,662945473,0.120684086,-0.090446209,0,0,0,0.037518375,0.99929595
1701438716,710735687,0.120684086,-0.090446209,0,0,0,0.037518375,0.99929595
1701438716,760768530,0.120684086,-0.090446209,0,0,0,0.037518375,0.99929595
1701438716,806718385,0.120684086,-0.090446209,0,0,0,0.037518375,0.99929595
1701438716,854718571,0.120684086,-0.090446209,0,0,0,0.037518375,0.99929595
1701438716,902763576,0.120684086,-0.090446209,0,0,0,0.037518375,0.99929595
1701438716,951211247,0.120684086,-0.090446209,0,0,0,0.037518375,0.99929595
1701438717,14911596,0.120684086,-0.090446209,0,0,0,0.037518375,0.99929595
1701438717,62553323,0.120684086,-0.090446209,0,0,0,0.037518375,0.99929595
1701438717,111179895,0.120684086,-0.090446209,0,0,0,0.037518375,0.99929595
1701438717,159409816,0.120684086,-0.090446209,0,0,0,0.037518375,0.99929595
1701438717,206412267,0.120684086,-0.090446209,0,0,0,0.037518375,0.99929595
1701438717,254378622,0.120684086,-0.090446209,0,0,0,0.037518375,0.99929595
1701438717,303001191,0.120684086,-0.090446209,0,0,0,0.037518375,0.99929595
1701438717,351035145,0.120684086,-0.090446209,0,0,0,0.037518375,0.99929595
1701438717,414279545,0.120684086,-0.090446209,0,0,0,0.037518375,0.99929595
1701438717,462786822,0.120684086,-0.090446209,0,0,0,0.037518375,0.99929595
1701438717,510800228,0.120684086,-0.090446209,0,0,0,0.037518375,0.99929595
1701438717,559164114,0.120684086,-0.090446209,0,0,0,0.037518375,0.99929595
1701438717,607075748,0.120684086,-0.090446209,0,0,0,0.037518375,0.99929595
1701438717,654043666,0.120684086,-0.090446209,0,0,0,0.037518375,0.99929595
1701438717,702027548,0.120684086,-0.090446209,0,0,0,0.037518375,0.99929595
1701438717,750411367,0.120684086,-0.090446209,0,0,0,0.037518375,0.99929595
1701438717,813932075,0.120684086,-0.090446209,0,0,0,0.037518375,0.99929595
1701438717,861499779,0.120684086,-0.090446209,0,0,0,0.037518375,0.99929595
1701438717,909997516,0.120684086,-0.090446209,0,0,0,0.037518375,0.99929595
1701438717,958767959,0.120684086,-0.090446209,0,0,0,0.037518375,0.99929595
1701438718,7738729,0.120684086,-0.090446209,0,0,0,0.037518375,0.99929595
1701438718,53884708,0.120684086,-0.090446209,0,0,0,0.037518375,0.99929595
1701438718,101707167,0.120684086,-0.090446209,0,0,0,0.037518375,0.99929595
1701438718,149571298,0.120684086,-0.090446209,0,0,0,0.037518375,0.99929595
1701438718,213266121,0.120684086,-0.090446209,0,0,0,0.037518375,0.99929595
1701438718,262094249,0.120684086,-0.090446209,0,0,0,0.037518375,0.99929595
1701438718,309445856,0.120684086,-0.090446209,0,0,0,0.037518375,0.99929595
1701438718,357694287,0.120684086,-0.090446209,0,0,0,0.037518375,0.99929595
1701438718,406112212,0.120684086,-0.090446209,0,0,0,0.037518375,0.99929595
1701438718,453619444,0.120684086,-0.090446209,0,0,0,0.037518375,0.99929595
1701438718,501374764,0.120684086,-0.090446209,0,0,0,0.037518375,0.99929595
1701438718,565333032,0.120684086,-0.090446209,0,0,0,0.037518375,0.99929595
1701438718,613566667,0.120684086,-0.090446209,0,0,0,0.037518375,0.99929595
1701438718,661736552,0.120684086,-0.090446209,0,0,0,0.037518375,0.99929595
1701438718,709542496,0.120684086,-0.090446209,0,0,0,0.037518375,0.99929595
1701438718,757361112,0.120684086,-0.090446209,0,0,0,0.037518375,0.99929595
1701438718,805269176,0.120684086,-0.090446209,0,0,0,0.037518375,0.99929595
1701438718,853557154,0.120684086,-0.090446209,0,0,0,0.037518375,0.99929595
1701438718,901493884,0.120684086,-0.090446209,0,0,0,0.037518375,0.99929595
1701438718,965862107,0.120684086,-0.090446209,0,0,0,0.037518375,0.99929595
1701438719,15211486,0.120684086,-0.090446209,0,0,0,0.037518375,0.99929595
1701438719,61171357,0.120684086,-0.090446209,0,0,0,0.037518375,0.99929595
1701438719,109037121,0.120684086,-0.090446209,0,0,0,0.037518375,0.99929595
1701438719,158197756,0.120684086,-0.090446209,0,0,0,0.037518375,0.99929595
1701438719,206100753,0.120684086,-0.090446209,0,0,0,0.037518375,0.99929595
1701438719,254295723,0.120684086,-0.090446209,0,0,0,0.037518375,0.99929595
1701438719,300948158,0.120684086,-0.090446209,0,0,0,0.037518375,0.99929595
1701438719,348825484,0.120684086,-0.090446209,0,0,0,0.037518375,0.99929595
1701438719,413430222,0.120684086,-0.090446209,0,0,0,0.037518375,0.99929595
1701438719,460883084,0.120684086,-0.090446209,0,0,0,0.037518375,0.99929595
1701438719,508620266,0.120684086,-0.090446209,0,0,0,0.037518375,0.99929595
1701438719,556707596,0.120684086,-0.090446209,0,0,0,0.037518375,0.99929595
1701438719,604636423,0.120684086,-0.090446209,0,0,0,0.037518375,0.99929595
1701438719,653478703,0.120684086,-0.090446209,0,0,0,0.037518375,0.99929595
1701438719,700583955,0.120684086,-0.090446209,0,0,0,0.037518375,0.99929595
1701438719,748476842,0.120684086,-0.090446209,0,0,0,0.037518375,0.99929595
1701438719,812807624,0.120684086,-0.090446209,0,0,0,0.037518375,0.99929595
1701438719,860309248,0.120684086,-0.090446209,0,0,0,0.037518375,0.99929595
1701438719,908494647,0.120684086,-0.090446209,0,0,0,0.037518375,0.99929595
1701438719,957200782,0.120684086,-0.090446209,0,0,0,0.037518375,0.99929595
1701438720,5171052,0.120684086,-0.090446209,0,0,0,0.037518375,0.99929595
1701438720,53145709,0.120684086,-0.090446209,0,0,0,0.037518375,0.99929595
1701438720,102237074,0.120684086,-0.090446209,0,0,0,0.037518375,0.99929595
1701438720,149122411,0.120684086,-0.090446209,0,0,0,0.037518375,0.99929595
1701438720,212495494,0.120684086,-0.090446209,0,0,0,0.037518375,0.99929595
1701438720,244847624,0.120684086,-0.090446209,0,0,0,0.037518375,0.99929595
1701438720,307291139,0.120684086,-0.090446209,0,0,0,0.037518375,0.99929595
1701438720,356871666,0.120684086,-0.090446209,0,0,0,0.037518375,0.99929595
1701438720,404834145,0.120684086,-0.090446209,0,0,0,0.037518375,0.99929595
1701438720,451797520,0.120684086,-0.090446209,0,0,0,0.037518375,0.99929595
1701438720,500861511,0.120684086,-0.090446209,0,0,0,0.037518375,0.99929595
1701438720,548165211,0.120684086,-0.090446209,0,0,0,0.037518375,0.99929595
1701438720,611995645,0.120684086,-0.090446209,0,0,0,0.037518375,0.99929595
1701438720,643695290,0.120684086,-0.090446209,0,0,0,0.037518375,0.99929595
1701438720,707695044,0.120684086,-0.090446209,0,0,0,0.037518375,0.99929595
1701438720,755565210,0.120684086,-0.090446209,0,0,0,0.037518375,0.99929595
1701438720,804515497,0.120684086,-0.090446209,0,0,0,0.037518375,0.99929595
1701438720,851501247,0.120684086,-0.090446209,0,0,0,0.037518375,0.99929595
1701438720,899522681,0.120684086,-0.090446209,0,0,0,0.037518375,0.99929595
1701438720,947347590,0.120684086,-0.090446209,0,0,0,0.037518375,0.99929595
1701438721,11338025,0.120684086,-0.090446209,0,0,0,0.037518375,0.99929595
1701438721,43387411,0.120684086,-0.090446209,0,0,0,0.037518375,0.99929595
1701438721,109682656,0.120684086,-0.090446209,0,0,0,0.037518375,0.99929595
1701438721,155252034,0.120684086,-0.090446209,0,0,0,0.037518375,0.99929595
1701438721,204234235,0.120684086,-0.090446209,0,0,0,0.037518375,0.99929595
1701438721,252169674,0.120684086,-0.090446209,0,0,0,0.037518375,0.99929595
1701438721,299280261,0.120684086,-0.090446209,0,0,0,0.037518375,0.99929595
1701438721,363479795,0.120684086,-0.090446209,0,0,0,0.037518375,0.99929595
1701438721,412030861,0.120684086,-0.090446209,0,0,0,0.037518375,0.99929595
1701438721,443301223,0.120684086,-0.090446209,0,0,0,0.037518375,0.99929595
1701438721,507372252,0.120684086,-0.090446209,0,0,0,0.037518375,0.99929595
1701438721,555927980,0.120684086,-0.090446209,0,0,0,0.037518375,0.99929595
1701438721,603909747,0.120684086,-0.090446209,0,0,0,0.037518375,0.99929595
1701438721,651849460,0.120684086,-0.090446209,0,0,0,0.037518375,0.99929595
1701438721,699948363,0.120684086,-0.090446209,0,0,0,0.037518375,0.99929595
1701438721,763639169,0.120684086,-0.090446209,0,0,0,0.037518375,0.99929595
1701438721,811183952,0.120684086,-0.090446209,0,0,0,0.037518375,0.99929595
1701438721,858732990,0.120684086,-0.090446209,0,0,0,0.037518375,0.99929595
1701438721,906697613,0.120684086,-0.090446209,0,0,0,0.037518375,0.99929595
1701438721,954607443,0.120684086,-0.090446209,0,0,0,0.037518375,0.99929595
1701438722,2579928,0.120684086,-0.090446209,0,0,0,0.037518375,0.99929595
1701438722,50573078,0.120684086,-0.090446209,0,0,0,0.037518375,0.99929595
1701438722,98630616,0.120684086,-0.090446209,0,0,0,0.037518375,0.99929595
1701438722,162551811,0.120627179,-0.090389912,0,0,0,0.037219346,0.999307096
1701438722,210663549,0.120627179,-0.090389912,0,0,0,0.037219323,0.999307096
1701438722,259111023,0.120627179,-0.090389912,0,0,0,0.037219301,0.999307096
1701438722,306843409,0.120627179,-0.090389912,0,0,0,0.037219286,0.999307096
1701438722,355335248,0.120627179,-0.090389912,0,0,0,0.037219282,0.999307096
1701438722,402261824,0.120627179,-0.090389912,0,0,0,0.037219282,0.999307096
1701438722,451217650,0.120627179,-0.090389912,0,0,0,0.037219282,0.999307096
1701438722,498299430,0.120627179,-0.090389912,0,0,0,0.037219282,0.999307096
1701438722,562557830,0.120627179,-0.090389912,0,0,0,0.037219282,0.999307096
1701438722,611134412,0.120627179,-0.090389912,0,0,0,0.037219282,0.999307096
1701438722,659093043,0.120627179,-0.090389912,0,0,0,0.037219282,0.999307096
1701438722,707007291,0.120627179,-0.090389912,0,0,0,0.037219282,0.999307096
1701438722,756981419,0.120627179,-0.090389912,0,0,0,0.037219282,0.999307096
1701438722,802970888,0.120627179,-0.090389912,0,0,0,0.037219282,0.999307096
1701438722,850939331,0.120627179,-0.090389912,0,0,0,0.037219282,0.999307096
1701438722,898985740,0.120627179,-0.090389912,0,0,0,0.037219282,0.999307096
1701438722,946909708,0.120627179,-0.090389912,0,0,0,0.037219282,0.999307096
1701438723,10953722,0.120627179,-0.090389912,0,0,0,0.037219282,0.999307096
1701438723,57785246,0.120627179,-0.090389912,0,0,0,0.037219282,0.999307096
1701438723,105901812,0.120627179,-0.090389912,0,0,0,0.037219282,0.999307096
1701438723,154701009,0.120627179,-0.090389912,0,0,0,0.037219282,0.999307096
1701438723,203642131,0.120627179,-0.090389912,0,0,0,0.037219282,0.999307096
1701438723,249620161,0.120627179,-0.090389912,0,0,0,0.037219282,0.999307096
1701438723,297709534,0.120627179,-0.090389912,0,0,0,0.037219282,0.999307096
1701438723,345979969,0.120627179,-0.090389912,0,0,0,0.037219282,0.999307096
1701438723,409356624,0.120627179,-0.090389912,0,0,0,0.037219282,0.999307096
1701438723,457480142,0.120627179,-0.090389912,0,0,0,0.037219282,0.999307096
1701438723,505338166,0.120627179,-0.090389912,0,0,0,0.037219282,0.999307096
1701438723,554592192,0.120627179,-0.090389912,0,0,0,0.037219282,0.999307096
1701438723,602556089,0.120627179,-0.090389912,0,0,0,0.037219282,0.999307096
1701438723,649897188,0.120627179,-0.090389912,0,0,0,0.037219282,0.999307096
1701438723,697439571,0.120627179,-0.090389912,0,0,0,0.037219282,0.999307096
1701438723,745411413,0.120627179,-0.090389912,0,0,0,0.037219282,0.999307096
1701438723,809629113,0.120627179,-0.090389912,0,0,0,0.037219282,0.999307096
1701438723,858047084,0.120627179,-0.090389912,0,0,0,0.037219282,0.999307096
1701438723,905929935,0.120627179,-0.090389912,0,0,0,0.037219282,0.999307096
1701438723,954228687,0.120627179,-0.090389912,0,0,0,0.037219282,0.999307096
1701438724,1291099,0.120627179,-0.090389912,0,0,0,0.037219282,0.999307096
1701438724,49578967,0.120627179,-0.090389912,0,0,0,0.037219282,0.999307096
1701438724,98075178,0.120627179,-0.090389912,0,0,0,0.037219282,0.999307096
1701438724,161710131,0.120627179,-0.090389912,0,0,0,0.037219282,0.999307096
1701438724,193358404,0.120627179,-0.090389912,0,0,0,0.037219282,0.999307096
1701438724,258124150,0.120627179,-0.090389912,0,0,0,0.037219282,0.999307096
1701438724,305992750,0.120627179,-0.090389912,0,0,0,0.037219282,0.999307096
1701438724,305992750,0.120627179,-0.090389912,0,0,0,0.037219282,0.999307096
