timestamp_sec,timestamp_nanosec,velocity_left,velocity_right
1701438663.0,262277297.0,0.0,0.0
1701438663.0,967484913.0,0.0,0.0
1701438664.0,15701803.0,0.0,0.0
1701438664.0,64774621.0,0.0,0.0
1701438664.0,111731947.0,0.0,0.0
1701438664.0,144616996.0,0.0,0.0
1701438664.0,207897545.0,0.0,0.0
1701438664.0,257110256.0,0.0,0.0
1701438664.0,321062916.0,0.0,0.0
1701438664.0,353098017.0,0.0,0.0
1701438664.0,416461156.0,0.0,0.0
1701438664.0,464676303.0,0.0,0.0
1701438664.0,576950636.0,0.0,0.0
1701438664.0,608738815.0,0.0,0.0
1701438664.0,624959704.0,0.0,0.0
1701438664.0,658145556.0,0.0,0.0
1701438664.0,704958249.0,0.0,0.0
1701438664.0,752836957.0,0.0,0.0
1701438664.0,850107276.0,0.0,0.0
1701438664.0,882095074.0,0.0,0.0
1701438664.0,914708389.0,0.0,0.0
1701438664.0,945596117.0,0.0,0.0
1701438664.0,994662342.0,0.0,0.0
1701438665.0,57561717.0,0.0,0.0
1701438665.0,105597169.0,0.0,0.0
1701438665.0,154869048.0,0.0,0.0
1701438665.0,201726612.0,0.0,0.0
1701438665.0,265954645.0,0.0,0.0
1701438665.0,314815747.0,0.0,0.0
1701438665.0,361949349.0,0.0,0.0
1701438665.0,411131747.0,0.0,0.0
1701438665.0,459176621.0,0.0,0.0
1701438665.0,506366420.0,0.0,0.0
1701438665.0,556137299.0,0.0,0.0
1701438665.0,618709595.0,0.0,0.0
1701438665.0,666722882.0,0.0,0.0
1701438665.0,715264059.0,0.0,0.0
1701438665.0,762758862.0,0.0,0.0
1701438665.0,810736741.0,0.0,0.0
1701438665.0,859057433.0,0.0,0.0
1701438665.0,908160693.0,0.0,0.0
1701438665.0,955500999.0,0.0,0.0
1701438666.0,19535453.0,0.0,0.0
1701438666.0,52236936.0,0.0,0.0
1701438666.0,115808087.0,0.0,0.0
1701438666.0,164693036.0,0.0,0.0
1701438666.0,211565379.0,0.0,0.0
1701438666.0,259604865.0,0.0,0.0
1701438666.0,307915605.0,0.0,0.0
1701438666.0,355727379.0,0.0,0.0
1701438666.0,404635743.0,0.0,0.0
1701438666.0,469220173.0,0.0,0.0
1701438666.0,517027100.0,0.0,0.0
1701438666.0,564552054.0,0.0,0.0
1701438666.0,613210263.0,0.0,0.0
1701438666.0,644798912.0,0.0,0.0
1701438666.0,724416229.0,0.0,0.0
1701438666.0,756470135.0,0.0,0.0
1701438666.0,822175757.0,0.0,0.0
1701438666.0,868989476.0,0.0,0.0
1701438666.0,916773250.0,0.0,0.0
1701438666.0,949014479.0,0.0,0.0
1701438666.0,981007099.0,0.0,0.0
1701438667.0,13060754.0,0.0,0.0
1701438667.0,142245817.0,0.0,0.0
1701438667.0,157391167.0,0.0,0.0
1701438667.0,254562033.0,0.0,0.0
1701438667.0,334625640.0,0.0,0.0
1701438667.0,399762522.0,0.0,0.0
1701438667.0,414518067.0,0.0,0.0
1701438667.0,446043036.0,0.0,0.0
1701438667.0,477783925.0,0.0,0.0
1701438667.0,559027001.0,0.0,0.0
1701438667.0,718519672.0,0.0,0.0
1701438667.0,750809922.0,0.0,0.0
1701438667.0,766299968.0,0.0,0.0
1701438667.0,848873910.0,0.0,0.0
1701438667.0,863178519.0,0.0,0.0
1701438667.0,910876236.0,0.0,0.0
1701438667.0,926608838.0,0.0,0.0
1701438668.0,54785936.0,0.0,0.0
1701438668.0,110855572.0,0.0,0.0
1701438668.0,151594544.0,0.0,0.0
1701438668.0,216506012.0,0.0,0.0
1701438668.0,264391326.0,0.0,0.0
1701438668.0,296169097.0,0.0,0.0
1701438668.0,391618625.0,0.0,0.0
1701438668.0,424424534.0,0.0,0.0
1701438668.0,471751216.0,0.0,0.0
1701438668.0,568553650.0,0.0,0.0
1701438668.0,615879364.0,0.0,0.0
1701438668.0,687914401.0,0.0,0.0
1701438668.0,727959828.0,0.0,0.0
1701438668.0,745370789.0,0.0,0.0
1701438668.0,872500336.0,0.0,0.0
1701438668.0,905660964.0,0.0,0.0
1701438668.0,920287903.0,0.0,0.0
1701438669.0,16496014.0,0.0,0.0
1701438669.0,65619351.0,0.0,0.0
1701438669.0,80575461.0,0.0,0.0
1701438669.0,160778102.0,0.0,0.0
1701438669.0,194501132.0,0.0,0.0
1701438669.0,210129566.0,0.0,0.0
1701438669.0,321496331.0,0.0,0.0
1701438669.0,354274162.0,0.0,0.0
1701438669.0,449660221.0,0.0,0.0
1701438669.0,514492592.0,0.0,0.0
1701438669.0,546585093.0,0.0,0.0
1701438669.0,577473516.0,0.0,0.0
1701438669.0,675248051.0,0.0,0.0
1701438669.0,769917246.0,0.0,0.0
1701438669.0,817815677.0,0.0,0.0
1701438669.0,834403740.0,0.0,0.0
1701438669.0,929978778.0,0.0,0.0
1701438669.0,979079232.0,0.0,0.0
1701438669.0,995216439.0,0.0,0.0
1701438670.0,59060356.0,0.0,0.0
1701438670.0,108247645.0,0.0,0.0
1701438670.0,170512930.0,0.0,0.0
1701438670.0,202769998.0,0.0,0.0
1701438670.0,218570617.0,0.0,0.0
1701438670.0,314916519.0,0.0,0.0
1701438670.0,347008687.0,0.0,0.0
1701438670.0,378867823.0,0.0,0.0
1701438670.0,476113407.0,0.0,0.0
1701438670.0,524285523.0,0.0,0.0
1701438670.0,620652427.0,0.0,0.0
1701438670.0,667921617.0,0.0,0.0
1701438670.0,779691319.0,0.0,0.0
1701438670.0,827702533.0,0.0,0.0
1701438670.0,898431723.0,0.0,0.0
1701438670.0,907519540.0,0.0,0.0
1701438670.0,957077811.0,0.0,0.0
1701438671.0,74658696.0,0.0,0.0
1701438671.0,116614957.0,0.0,0.0
1701438671.0,148940141.0,0.0,0.0
1701438671.0,181081951.0,0.0,0.0
1701438671.0,260337680.0,0.0,0.0
1701438671.0,276379568.0,0.0,0.0
1701438671.0,356611631.0,0.0,0.0
1701438671.0,479160547.0,0.0,0.0
1701438671.0,518244527.0,0.0,0.0
1701438671.0,654100433.0,0.0,0.0
1701438671.0,662067906.0,0.0,0.0
1701438671.0,676790935.0,0.0,0.0
1701438671.0,709333204.0,0.0,0.0
1701438671.0,761133382.0,0.0,0.0
1701438671.0,821330789.0,0.0,0.0
1701438671.0,885262272.0,0.0,0.0
1701438671.0,965515650.0,0.0,0.0
1701438672.0,13799814.0,0.0,0.0
1701438672.0,29887679.0,0.0,0.0
1701438672.0,77687468.0,0.0,0.0
1701438672.0,126344653.0,0.0,0.0
1701438672.0,302648639.0,0.0,0.0
1701438672.0,333945176.0,0.0,0.0
1701438672.0,351212594.0,0.0,0.0
1701438672.0,366416683.0,0.0,0.0
1701438672.0,528636989.0,0.0,0.0
1701438672.0,558831566.0,0.0,0.0
1701438672.0,574629386.0,0.0,0.0
1701438672.0,590489579.0,0.0,0.0
1701438672.0,721168245.0,0.0,0.0
1701438672.0,734739559.0,0.0,0.0
1701438672.0,783621961.0,0.0,0.0
1701438673.0,215559948.0,0.0,0.0
1701438673.0,263538904.0,0.0,0.0
1701438673.0,343589021.0,0.0,0.0
1701438673.0,359886667.0,0.0,0.0
1701438673.0,407749430.0,0.0,0.0
1701438673.0,461804642.0,0.0,0.0
1701438673.0,537155608.0,0.0,0.0
1701438673.0,873798225.0,0.0,0.0
1701438673.0,936641758.0,0.0,0.0
1701438674.0,64854577.0,3.9154930114746094,3.7746479511260986
1701438674.0,82019594.0,4.422535419464111,4.929577350616455
1701438674.0,113843664.0,5.7183098793029785,5.915493011474609
1701438674.0,177380995.0,7.464788913726807,6.704225540161133
1701438674.0,321368874.0,8.873239517211914,8.873239517211914
1701438674.0,386148129.0,8.478873252868652,8.28169059753418
1701438674.0,417326736.0,8.338027954101562,8.957746505737305
1701438674.0,481695929.0,8.647887229919434,7.830986022949219
1701438674.0,529848918.0,8.760563850402832,8.507041931152344
1701438674.0,577595336.0,8.845070838928223,7.915493011474609
1701438674.0,625710468.0,8.760563850402832,8.36619758605957
1701438674.0,675146215.0,8.22535228729248,8.957746505737305
1701438674.0,705911159.0,8.845070838928223,8.169013977050781
1701438674.0,786975717.0,8.450704574584961,8.169013977050781
1701438674.0,817977930.0,8.22535228729248,8.957746505737305
1701438674.0,899204442.0,8.957746505737305,8.394366264343262
1701438674.0,931129803.0,8.647887229919434,8.338027954101562
1701438674.0,979210572.0,8.732394218444824,8.0563383102417
1701438675.0,26307320.0,8.732394218444824,8.478873252868652
1701438675.0,74681287.0,8.197182655334473,8.873239517211914
1701438675.0,122971500.0,8.535211563110352,8.591548919677734
1701438675.0,170523102.0,8.112675666809082,8.760563850402832
1701438675.0,218717630.0,8.28169059753418,8.929577827453613
1701438675.0,266666732.0,8.028168678283691,8.873239517211914
1701438675.0,330755572.0,8.760563850402832,8.338027954101562
1701438675.0,362991987.0,8.169013977050781,8.535211563110352
1701438675.0,426896752.0,8.873239517211914,8.394366264343262
1701438675.0,475404255.0,8.36619758605957,8.901408195495605
1701438675.0,523404311.0,8.647887229919434,8.647887229919434
1701438675.0,572177800.0,8.112675666809082,8.845070838928223
1701438675.0,619267289.0,8.28169059753418,8.760563850402832
1701438675.0,683592476.0,8.478873252868652,8.14084529876709
1701438675.0,734189004.0,8.788732528686523,8.338027954101562
1701438675.0,779476516.0,8.535211563110352,7.97183084487915
1701438675.0,827526480.0,8.873239517211914,8.450704574584961
1701438675.0,877104100.0,8.422534942626953,8.929577827453613
1701438675.0,925113467.0,8.478873252868652,8.816901206970215
1701438675.0,972775012.0,8.0563383102417,8.873239517211914
1701438676.0,19835702.0,8.28169059753418,8.901408195495605
1701438676.0,84436595.0,8.591548919677734,7.97183084487915
1701438676.0,132752216.0,8.845070838928223,8.422534942626953
1701438676.0,181089814.0,8.563380241394043,8.0
1701438676.0,229154967.0,8.816901206970215,8.591548919677734
1701438676.0,276286466.0,8.338027954101562,8.985915184020996
1701438676.0,324472534.0,8.450704574584961,8.788732528686523
1701438676.0,373360044.0,8.08450698852539,8.619718551635742
1701438676.0,436669607.0,8.901408195495605,8.028168678283691
1701438676.0,484856507.0,8.676055908203125,7.915493011474609
1701438676.0,516682853.0,8.14084529876709,8.169013977050781
1701438676.0,580734329.0,8.591548919677734,8.0
1701438676.0,628911127.0,8.816901206970215,8.591548919677734
1701438676.0,678016421.0,8.253520965576172,9.014084815979004
1701438676.0,726166643.0,8.478873252868652,8.845070838928223
1701438676.0,773967193.0,8.08450698852539,8.619718551635742
1701438676.0,822609089.0,8.591548919677734,8.957746505737305
1701438676.0,870177445.0,8.14084529876709,8.704225540161133
1701438676.0,935231576.0,8.788732528686523,8.563380241394043
1701438676.0,982915273.0,8.563380241394043,7.97183084487915
1701438677.0,62539417.0,8.14084529876709,8.338027954101562
1701438677.0,77772523.0,8.28169059753418,8.957746505737305
1701438677.0,125788969.0,8.619718551635742,8.788732528686523
1701438677.0,173794861.0,8.08450698852539,8.732394218444824
1701438677.0,222630214.0,8.591548919677734,8.816901206970215
1701438677.0,287066520.0,8.478873252868652,8.0
1701438677.0,333855119.0,8.816901206970215,8.36619758605957
1701438677.0,382398910.0,8.394366264343262,7.97183084487915
1701438677.0,431231354.0,8.816901206970215,8.309859275817871
1701438677.0,478469130.0,8.394366264343262,8.929577827453613
1701438677.0,526359026.0,8.676055908203125,8.704225540161133
1701438677.0,575196569.0,8.14084529876709,8.816901206970215
1701438677.0,638581911.0,8.816901206970215,7.97183084487915
1701438677.0,686573577.0,8.394366264343262,8.0
1701438677.0,734468028.0,8.816901206970215,8.338027954101562
1701438677.0,798741052.0,8.028168678283691,8.873239517211914
1701438677.0,830608024.0,8.704225540161133,8.169013977050781
1701438677.0,880149432.0,8.36619758605957,8.957746505737305
1701438677.0,928048301.0,8.676055908203125,8.676055908203125
1701438677.0,993127493.0,8.309859275817871,8.14084529876709
1701438678.0,22910675.0,8.929577827453613,8.760563850402832
1701438678.0,87302961.0,8.422534942626953,7.97183084487915
1701438678.0,167296850.0,8.112675666809082,8.507041931152344
1701438678.0,184170568.0,8.422534942626953,8.0
1701438678.0,247725173.0,8.394366264343262,8.901408195495605
1701438678.0,295319530.0,8.197182655334473,8.535211563110352
1701438678.0,311929735.0,8.478873252868652,7.97183084487915
1701438678.0,375408081.0,8.169013977050781,8.816901206970215
1701438678.0,439677408.0,8.591548919677734,8.028168678283691
1701438678.0,487752386.0,8.450704574584961,8.197182655334473
1701438678.0,535725067.0,8.647887229919434,8.028168678283691
1701438678.0,583746883.0,8.394366264343262,8.08450698852539
1701438678.0,649132590.0,8.422534942626953,8.957746505737305
1701438678.0,679949942.0,8.36619758605957,8.957746505737305
1701438678.0,729115964.0,8.676055908203125,8.676055908203125
1701438678.0,777211842.0,8.169013977050781,8.845070838928223
1701438678.0,825084458.0,8.732394218444824,8.591548919677734
1701438678.0,873224267.0,8.253520965576172,8.929577827453613
1701438678.0,952501345.0,8.507041931152344,8.788732528686523
1701438678.0,984446677.0,8.28169059753418,8.14084529876709
1701438679.0,32457369.0,8.957746505737305,8.197182655334473
1701438679.0,96812076.0,8.028168678283691,8.309859275817871
1701438679.0,128906688.0,8.732394218444824,8.647887229919434
1701438679.0,161889001.0,8.704225540161133,8.394366264343262
1701438679.0,256740700.0,8.760563850402832,8.563380241394043
1701438679.0,289029721.0,8.22535228729248,8.08450698852539
1701438679.0,321873719.0,8.309859275817871,8.08450698852539
1701438679.0,370104269.0,8.112675666809082,8.760563850402832
1701438679.0,434052411.0,8.845070838928223,8.450704574584961
1701438679.0,482640020.0,8.450704574584961,8.957746505737305
1701438679.0,529286896.0,8.732394218444824,8.28169059753418
1701438679.0,578209025.0,8.22535228729248,8.901408195495605
1701438679.0,642919579.0,8.676055908203125,8.0563383102417
1701438679.0,689493534.0,8.0563383102417,8.28169059753418
1701438679.0,737372857.0,8.760563850402832,7.943662166595459
1701438679.0,785479171.0,8.507041931152344,7.915493011474609
1701438679.0,833649388.0,8.647887229919434,8.422534942626953
1701438679.0,882895571.0,8.422534942626953,8.676055908203125
1701438679.0,931379288.0,8.732394218444824,8.14084529876709
1701438679.0,993873059.0,8.197182655334473,8.478873252868652
1701438680.0,73909473.0,8.112675666809082,8.845070838928223
1701438680.0,91526934.0,8.112675666809082,8.253520965576172
1701438680.0,187117131.0,8.338027954101562,8.112675666809082
1701438680.0,203338601.0,8.169013977050781,8.816901206970215
1701438680.0,219117590.0,8.28169059753418,8.22535228729248
1701438680.0,283439406.0,8.676055908203125,8.788732528686523
1701438680.0,332243857.0,8.929577827453613,8.14084529876709
1701438680.0,378372118.0,8.535211563110352,8.816901206970215
1701438680.0,443467962.0,8.36619758605957,7.943662166595459
1701438680.0,491386238.0,8.0563383102417,8.478873252868652
1701438680.0,523566709.0,8.08450698852539,8.535211563110352
1701438680.0,586649301.0,8.169013977050781,8.253520965576172
1701438680.0,634735151.0,8.619718551635742,7.97183084487915
1701438680.0,683738439.0,6.901408672332764,6.788732528686523
1701438680.0,732184471.0,5.492957592010498,5.267605781555176
1701438680.0,778998426.0,4.366197109222412,4.676056385040283
1701438680.0,828009479.0,3.2957746982574463,2.9577465057373047
1701438680.0,891364323.0,1.4647886753082275,1.8873239755630493
1701438680.0,939254236.0,0.7323943376541138,0.6478873491287231
1701438680.0,988196904.0,0.9577465057373047,0.8732394576072693
1701438681.0,35492651.0,0.22535210847854614,0.9014084339141846
1701438681.0,84271313.0,0.7042253613471985,0.7042253613471985
1701438681.0,131591744.0,1.0985915660858154,0.9577465057373047
1701438681.0,180974485.0,0.7042253613471985,0.8732394576072693
1701438681.0,244551307.0,0.9577465057373047,0.9577465057373047
1701438681.0,291876013.0,1.0140844583511353,0.8169013857841492
1701438681.0,341042570.0,0.7042253613471985,0.6478873491287231
1701438681.0,387787174.0,0.9577465057373047,0.9577465057373047
1701438681.0,435890449.0,0.98591548204422,0.9014084339141846
1701438681.0,485126289.0,0.9014084339141846,0.98591548204422
1701438681.0,533089792.0,0.8169013857841492,0.8732394576072693
1701438681.0,580773185.0,0.6197183132171631,0.6760563254356384
1701438681.0,644298155.0,0.4507042169570923,0.9014084339141846
1701438681.0,692356920.0,0.591549277305603,0.6760563254356384
1701438681.0,724295377.0,1.0704225301742554,0.98591548204422
1701438681.0,788443070.0,0.8450704216957092,0.8450704216957092
1701438681.0,836460550.0,0.8169013857841492,0.8450704216957092
1701438681.0,884618516.0,0.9295774698257446,0.98591548204422
1701438681.0,932692530.0,2.197183132171631,2.2253520488739014
1701438681.0,982241442.0,1.6619718074798584,1.6901408433914185
1701438682.0,44834610.0,0.0,0.0
1701438682.0,93984541.0,0.0,0.0
1701438682.0,141468668.0,0.0,0.0
1701438682.0,190335523.0,0.0,0.0
1701438682.0,238037962.0,0.0,0.0
1701438682.0,285474480.0,0.0,0.0
1701438682.0,333263363.0,-1.1267606019973755,0.7323943376541138
1701438682.0,381712337.0,-1.8873239755630493,2.0845069885253906
1701438682.0,446012927.0,-3.2112677097320557,3.492957830429077
1701438682.0,493568698.0,-3.633802890777588,3.4647886753082275
1701438682.0,541563433.0,-4.985915660858154,4.394366264343262
1701438682.0,573693470.0,-4.929577350616455,5.464788913726807
1701438682.0,637582858.0,-6.647887229919434,6.788732528686523
1701438682.0,685784107.0,-6.197183132171631,6.591549396514893
1701438682.0,735173977.0,-6.394366264343262,6.676056385040283
1701438682.0,781751277.0,-5.943662166595459,6.535211086273193
1701438682.0,831215749.0,-6.2253522872924805,6.676056385040283
1701438682.0,895135558.0,-6.169013977050781,6.450704097747803
1701438682.0,942023136.0,-5.943662166595459,6.14084529876709
1701438683.0,7229118.0,-5.85915470123291,6.0
1701438683.0,93013540.0,-5.802816867828369,5.943662166595459
1701438683.0,118648657.0,-6.056337833404541,6.422535419464111
1701438683.0,262738877.0,-3.6619718074798584,3.2957746982574463
1701438683.0,279824660.0,-2.760563373565674,2.8450703620910645
1701438683.0,342813937.0,-1.2112675905227661,1.0140844583511353
1701438683.0,359880539.0,-1.0704225301742554,0.7605633735656738
1701438683.0,439900451.0,0.0,0.0
1701438683.0,486896637.0,0.0,0.0
1701438683.0,536015795.0,0.0,0.0
1701438683.0,584138561.0,0.0,0.0
1701438683.0,664046897.0,0.0,0.0
1701438683.0,679738578.0,0.0,0.0
1701438683.0,759698266.0,0.0,0.0
1701438683.0,792193821.0,0.0,0.0
1701438683.0,839657861.0,1.436619758605957,1.774647831916809
1701438683.0,887429215.0,2.985915422439575,3.2112677097320557
1701438683.0,935556443.0,4.2253522872924805,4.422535419464111
1701438683.0,999689182.0,5.549295902252197,6.11267614364624
1701438684.0,47883619.0,7.436619758605957,6.563380241394043
1701438684.0,79644963.0,8.197182655334473,7.492957592010498
1701438684.0,143674761.0,8.929577827453613,8.535211563110352
1701438684.0,191720562.0,8.507041931152344,8.619718551635742
1701438684.0,416335360.0,8.647887229919434,8.169013977050781
1701438684.0,465083329.0,8.647887229919434,8.08450698852539
1701438684.0,496509611.0,8.450704574584961,8.535211563110352
1701438684.0,529588387.0,8.36619758605957,8.563380241394043
1701438684.0,545217597.0,8.788732528686523,8.028168678283691
1701438684.0,560468966.0,8.22535228729248,8.309859275817871
1701438684.0,576533992.0,8.0563383102417,8.957746505737305
1701438684.0,624323702.0,8.478873252868652,8.394366264343262
1701438684.0,640571271.0,8.704225540161133,7.943662166595459
1701438684.0,689387644.0,8.309859275817871,8.478873252868652
1701438684.0,736719935.0,8.647887229919434,8.169013977050781
1701438684.0,784535677.0,8.22535228729248,8.535211563110352
1701438684.0,832602520.0,8.309859275817871,8.422534942626953
1701438684.0,896868783.0,8.309859275817871,8.676055908203125
1701438684.0,944744018.0,8.873239517211914,8.0563383102417
1701438684.0,992787363.0,8.704225540161133,8.309859275817871
1701438685.0,40880611.0,8.788732528686523,7.915493011474609
1701438685.0,72907620.0,8.22535228729248,8.873239517211914
1701438685.0,154063070.0,8.08450698852539,8.760563850402832
1701438685.0,186010365.0,8.22535228729248,8.647887229919434
1701438685.0,234109861.0,8.394366264343262,8.338027954101562
1701438685.0,297534355.0,8.309859275817871,8.873239517211914
1701438685.0,345279653.0,8.788732528686523,8.028168678283691
1701438685.0,393351332.0,8.422534942626953,8.36619758605957
1701438685.0,441364956.0,8.732394218444824,7.943662166595459
1701438685.0,489760153.0,8.338027954101562,8.309859275817871
1701438685.0,538991790.0,8.704225540161133,8.0563383102417
1701438685.0,585763775.0,8.14084529876709,8.676055908203125
1701438685.0,665793476.0,8.732394218444824,8.112675666809082
1701438685.0,713772109.0,8.845070838928223,8.22535228729248
1701438685.0,761847132.0,8.760563850402832,8.338027954101562
1701438685.0,793913026.0,8.22535228729248,8.394366264343262
1701438685.0,841943343.0,8.873239517211914,8.0563383102417
1701438685.0,875044970.0,8.0563383102417,8.901408195495605
1701438685.0,938676271.0,8.704225540161133,8.08450698852539
1701438686.0,3236735.0,8.028168678283691,8.985915184020996
1701438686.0,50762849.0,8.36619758605957,8.535211563110352
1701438686.0,83233772.0,8.309859275817871,8.845070838928223
1701438686.0,146308204.0,8.732394218444824,8.08450698852539
1701438686.0,194414479.0,8.309859275817871,8.422534942626953
1701438686.0,242455694.0,8.816901206970215,8.0
1701438686.0,290781842.0,8.760563850402832,8.08450698852539
1701438686.0,338941506.0,8.760563850402832,8.08450698852539
1701438686.0,434734115.0,8.957746505737305,8.169013977050781
1701438686.0,452100464.0,8.338027954101562,8.535211563110352
1701438686.0,499101314.0,8.028168678283691,8.788732528686523
1701438686.0,532086175.0,8.0,8.788732528686523
1701438686.0,594985633.0,8.309859275817871,8.394366264343262
1701438686.0,644094715.0,8.845070838928223,7.943662166595459
1701438686.0,691374860.0,8.788732528686523,8.169013977050781
1701438686.0,739316786.0,8.788732528686523,8.0563383102417
1701438686.0,789143566.0,8.450704574584961,8.676055908203125
1701438686.0,836212619.0,8.788732528686523,7.943662166595459
1701438686.0,899422713.0,8.197182655334473,8.647887229919434
1701438686.0,949112814.0,8.704225540161133,7.943662166595459
1701438686.0,995459477.0,8.28169059753418,8.422534942626953
1701438687.0,43500519.0,8.788732528686523,8.08450698852539
1701438687.0,91596742.0,8.732394218444824,8.14084529876709
1701438687.0,139784611.0,8.845070838928223,8.0563383102417
1701438687.0,188540609.0,8.338027954101562,8.619718551635742
1701438687.0,235752013.0,8.788732528686523,7.915493011474609
1701438687.0,315875112.0,8.676055908203125,8.112675666809082
1701438687.0,363948364.0,8.732394218444824,8.08450698852539
1701438687.0,395992506.0,8.08450698852539,8.647887229919434
1701438687.0,445004965.0,8.788732528686523,8.112675666809082
1701438687.0,492287255.0,8.788732528686523,8.0
1701438687.0,540404096.0,8.845070838928223,8.0563383102417
1701438687.0,589258066.0,8.309859275817871,8.591548919677734
1701438687.0,669403259.0,8.816901206970215,8.253520965576172
1701438687.0,700700551.0,8.169013977050781,8.591548919677734
1701438687.0,750243871.0,8.732394218444824,8.0563383102417
1701438687.0,797695650.0,8.0563383102417,8.676055908203125
1701438687.0,830168449.0,8.309859275817871,8.619718551635742
1701438687.0,892674246.0,8.704225540161133,8.08450698852539
1701438687.0,924626043.0,8.22535228729248,8.422534942626953
1701438687.0,990063374.0,8.36619758605957,8.647887229919434
1701438688.0,52964676.0,8.22535228729248,8.253520965576172
1701438688.0,102028634.0,8.22535228729248,8.760563850402832
1701438688.0,149324214.0,8.647887229919434,7.943662166595459
1701438688.0,197455169.0,8.0563383102417,8.704225540161133
1701438688.0,246067989.0,8.816901206970215,8.0563383102417
1701438688.0,294150791.0,8.732394218444824,8.169013977050781
1701438688.0,341303679.0,8.816901206970215,7.88732385635376
1701438688.0,405350114.0,8.28169059753418,8.957746505737305
1701438688.0,438192517.0,8.732394218444824,7.97183084487915
1701438688.0,501526723.0,8.0563383102417,8.732394218444824
1701438688.0,549478344.0,8.422534942626953,8.22535228729248
1701438688.0,597396031.0,8.0563383102417,8.676055908203125
1701438688.0,645716539.0,8.338027954101562,8.112675666809082
1701438688.0,693680787.0,8.788732528686523,8.112675666809082
1701438688.0,743217263.0,8.788732528686523,7.802816867828369
1701438688.0,789783315.0,8.676055908203125,8.507041931152344
1701438688.0,837829728.0,8.873239517211914,8.0
1701438688.0,903086026.0,8.08450698852539,8.788732528686523
1701438688.0,949954027.0,8.394366264343262,8.253520965576172
1701438688.0,999070554.0,8.0563383102417,8.619718551635742
1701438689.0,46927996.0,8.394366264343262,8.22535228729248
1701438689.0,94489655.0,8.760563850402832,8.08450698852539
1701438689.0,142372072.0,8.647887229919434,7.97183084487915
1701438689.0,190273671.0,8.760563850402832,8.394366264343262
1701438689.0,254716661.0,8.28169059753418,8.478873252868652
1701438689.0,478714090.0,8.253520965576172,8.957746505737305
1701438689.0,494669067.0,8.788732528686523,8.112675666809082
1701438689.0,510705319.0,8.112675666809082,8.929577827453613
1701438689.0,590755510.0,8.732394218444824,8.338027954101562
1701438689.0,623000310.0,8.450704574584961,8.450704574584961
1701438689.0,638913487.0,8.929577827453613,8.0563383102417
1701438689.0,686888194.0,8.816901206970215,8.450704574584961
1701438689.0,718998229.0,8.22535228729248,8.253520965576172
1701438689.0,751124686.0,8.450704574584961,8.22535228729248
1701438689.0,768090414.0,8.929577827453613,7.915493011474609
1701438689.0,816468992.0,8.28169059753418,8.563380241394043
1701438689.0,847264861.0,8.422534942626953,8.169013977050781
1701438689.0,896420858.0,8.760563850402832,8.0563383102417
1701438689.0,943406578.0,8.647887229919434,7.943662166595459
1701438690.0,7405999.0,8.22535228729248,8.873239517211914
1701438690.0,39364088.0,8.873239517211914,7.943662166595459
1701438690.0,103667433.0,8.08450698852539,8.845070838928223
1701438690.0,151608479.0,8.394366264343262,8.28169059753418
1701438690.0,199533513.0,8.028168678283691,8.732394218444824
1701438690.0,247689172.0,8.422534942626953,8.14084529876709
1701438690.0,296539575.0,8.788732528686523,8.112675666809082
1701438690.0,359773323.0,8.704225540161133,8.394366264343262
1701438690.0,407843659.0,8.22535228729248,8.901408195495605
1701438690.0,439932112.0,8.788732528686523,8.0563383102417
1701438690.0,487967546.0,7.1549296379089355,6.8450703620910645
1701438690.0,552009622.0,5.014084339141846,4.732394218444824
1701438690.0,601041372.0,4.169013977050781,3.746478796005249
1701438690.0,649114396.0,2.507042169570923,2.8450703620910645
1701438690.0,681120475.0,1.8309859037399292,2.197183132171631
1701438690.0,745983772.0,0.47887325286865234,0.0
1701438690.0,792280934.0,0.4507042169570923,0.7323943376541138
1701438690.0,856561540.0,0.8732394576072693,0.8169013857841492
1701438690.0,905838196.0,1.0704225301742554,0.8169013857841492
1701438690.0,968716371.0,0.9014084339141846,0.7323943376541138
1701438691.0,577439.0,0.7323943376541138,0.9014084339141846
1701438691.0,48664433.0,0.9295774698257446,0.98591548204422
1701438691.0,96951750.0,0.9295774698257446,0.8450704216957092
1701438691.0,145633744.0,0.9577465057373047,0.8169013857841492
1701438691.0,192746334.0,0.98591548204422,0.7323943376541138
1701438691.0,257551404.0,1.0422534942626953,0.7042253613471985
1701438691.0,305733247.0,0.5633803009986877,0.8732394576072693
1701438691.0,353023653.0,0.7605633735656738,0.8732394576072693
1701438691.0,402029139.0,0.9014084339141846,0.8169013857841492
1701438691.0,450202057.0,0.9577465057373047,0.8732394576072693
1701438691.0,497653453.0,0.8450704216957092,0.7323943376541138
1701438691.0,545340720.0,0.5633803009986877,0.9295774698257446
1701438691.0,593294705.0,0.9014084339141846,0.8169013857841492
1701438691.0,657609440.0,0.5633803009986877,0.9014084339141846
1701438691.0,705690423.0,0.9014084339141846,0.8450704216957092
1701438691.0,753450629.0,0.9295774698257446,0.8169013857841492
1701438691.0,801588117.0,0.7887324094772339,0.8169013857841492
1701438691.0,849571448.0,0.6760563254356384,0.7323943376541138
1701438691.0,897966649.0,0.98591548204422,0.9295774698257446
1701438691.0,947061384.0,0.98591548204422,0.8732394576072693
1701438691.0,996109702.0,1.6338027715682983,1.9154930114746094
1701438692.0,76200598.0,0.6760563254356384,0.7323943376541138
1701438692.0,106449109.0,0.0,0.9014084339141846
1701438692.0,139216573.0,0.0,0.0
1701438692.0,203086490.0,0.0,0.0
1701438692.0,251046601.0,0.0,0.0
1701438692.0,298387426.0,0.0,0.0
1701438692.0,346504322.0,-1.1267606019973755,0.7887324094772339
1701438692.0,396189950.0,-1.97183096408844,2.1126761436462402
1701438692.0,458420540.0,-3.323943614959717,3.014084577560425
1701438692.0,506672243.0,-3.6056337356567383,3.549295663833618
1701438692.0,538478120.0,-4.647887229919434,4.619718074798584
1701438692.0,602545382.0,-5.7746477127075195,5.830986022949219
1701438692.0,682722374.0,-6.957746505737305,6.11267614364624
1701438692.0,716236601.0,-6.507042407989502,6.788732528686523
1701438692.0,746963733.0,-6.394366264343262,6.704225540161133
1701438692.0,795641272.0,-6.084506988525391,6.647887229919434
1701438692.0,875668664.0,-6.084506988525391,6.422535419464111
1701438692.0,908014631.0,-6.3380279541015625,6.591549396514893
1701438693.0,132215769.0,-5.97183084487915,6.704225540161133
1701438693.0,164403481.0,-6.2253522872924805,6.676056385040283
1701438693.0,228067867.0,-4.8450703620910645,4.422535419464111
1701438693.0,258941885.0,-3.6619718074798584,4.2816901206970215
1701438693.0,276042908.0,-3.5211267471313477,2.873239517211914
1701438693.0,323778830.0,-2.309859037399292,1.97183096408844
1701438693.0,354712616.0,-1.0422534942626953,1.183098554611206
1701438693.0,370697613.0,-1.0422534942626953,0.9014084339141846
1701438693.0,403355651.0,0.0,0.0
1701438693.0,434577138.0,0.0,0.6478873491287231
1701438693.0,466833562.0,-0.8450704216957092,0.7323943376541138
1701438693.0,498746384.0,-0.5352112650871277,0.7042253613471985
1701438693.0,546732499.0,0.0,0.0
1701438693.0,594415658.0,0.0,0.0
1701438693.0,643065869.0,0.0,0.0
1701438693.0,706507023.0,0.0,0.0
1701438693.0,754321344.0,0.0,0.0
1701438693.0,803190312.0,0.0,0.0
1701438693.0,866540337.0,0.0,0.0
1701438693.0,899198858.0,0.0,0.0
1701438693.0,946567393.0,0.0,0.0
1701438693.0,995037814.0,0.0,0.0
1701438694.0,58443381.0,1.5492957830429077,1.5774648189544678
1701438694.0,107176581.0,2.9014084339141846,3.492957830429077
1701438694.0,154216194.0,4.422535419464111,4.929577350616455
1701438694.0,217980396.0,6.760563373565674,5.7183098793029785
1701438694.0,267128241.0,7.746479034423828,7.380281925201416
1701438694.0,297912854.0,8.197182655334473,7.7746477127075195
1701438694.0,331138636.0,8.478873252868652,9.042253494262695
1701438694.0,377892863.0,8.647887229919434,8.28169059753418
1701438694.0,457837841.0,8.28169059753418,8.309859275817871
1701438694.0,505716824.0,8.14084529876709,8.450704574584961
1701438694.0,553853383.0,8.647887229919434,8.08450698852539
1701438694.0,617593393.0,8.338027954101562,8.929577827453613
1701438694.0,650042342.0,8.704225540161133,7.97183084487915
1701438694.0,697537641.0,8.760563850402832,8.36619758605957
1701438694.0,745608243.0,8.704225540161133,8.08450698852539
1701438694.0,793540468.0,8.535211563110352,8.788732528686523
1701438694.0,857421934.0,8.197182655334473,8.22535228729248
1701438694.0,905388699.0,8.14084529876709,8.422534942626953
1701438694.0,954177067.0,8.676055908203125,8.0
1701438695.0,17280647.0,8.36619758605957,8.957746505737305
1701438695.0,50177073.0,8.704225540161133,8.028168678283691
1701438695.0,98725494.0,8.732394218444824,8.36619758605957
1701438695.0,160943219.0,8.563380241394043,8.788732528686523
1701438695.0,192912240.0,8.450704574584961,8.591548919677734
1701438695.0,272817935.0,8.760563850402832,8.112675666809082
1701438695.0,305989863.0,8.0,8.591548919677734
1701438695.0,352801351.0,8.507041931152344,8.028168678283691
1701438695.0,400898344.0,8.197182655334473,8.36619758605957
1701438695.0,464953852.0,8.704225540161133,8.591548919677734
1701438695.0,512645802.0,8.197182655334473,8.816901206970215
1701438695.0,560608167.0,8.478873252868652,8.816901206970215
1701438695.0,608932739.0,8.0563383102417,8.788732528686523
1701438695.0,657879968.0,8.394366264343262,8.112675666809082
1701438695.0,704566118.0,8.0563383102417,8.422534942626953
1701438695.0,832378742.0,8.0563383102417,8.394366264343262
1701438695.0,848597917.0,8.647887229919434,7.915493011474609
1701438695.0,880284761.0,8.169013977050781,8.816901206970215
1701438695.0,928325381.0,8.338027954101562,8.36619758605957
1701438695.0,961206184.0,8.450704574584961,8.901408195495605
1701438696.0,8569908.0,8.197182655334473,8.957746505737305
1701438696.0,41130173.0,8.873239517211914,8.22535228729248
1701438696.0,104288738.0,8.14084529876709,8.676055908203125
1701438696.0,137272381.0,8.14084529876709,8.647887229919434
1701438696.0,200277652.0,8.22535228729248,8.309859275817871
1701438696.0,247934585.0,8.732394218444824,7.97183084487915
1701438696.0,296902869.0,8.732394218444824,8.36619758605957
1701438696.0,346244974.0,8.788732528686523,7.943662166595459
1701438696.0,391802280.0,8.732394218444824,8.36619758605957
1701438696.0,456817711.0,8.450704574584961,8.28169059753418
1701438696.0,505995709.0,8.028168678283691,8.957746505737305
1701438696.0,551672094.0,8.422534942626953,8.197182655334473
1701438696.0,599647291.0,8.169013977050781,8.450704574584961
1701438696.0,647586112.0,8.704225540161133,7.97183084487915
1701438696.0,696496412.0,8.732394218444824,8.309859275817871
1701438696.0,744389277.0,8.873239517211914,7.97183084487915
1701438696.0,791514399.0,8.760563850402832,8.36619758605957
1701438696.0,857210820.0,8.450704574584961,8.28169059753418
1701438696.0,903761883.0,8.0563383102417,8.816901206970215
1701438696.0,967275510.0,8.732394218444824,8.309859275817871
1701438697.0,15572474.0,8.36619758605957,8.760563850402832
1701438697.0,63570943.0,8.647887229919434,8.422534942626953
1701438697.0,95553700.0,8.788732528686523,8.112675666809082
1701438697.0,143343712.0,8.619718551635742,7.830986022949219
1701438697.0,192188566.0,8.647887229919434,8.309859275817871
1701438697.0,256115327.0,8.22535228729248,8.507041931152344
1701438697.0,303483706.0,8.14084529876709,8.845070838928223
1701438697.0,352388898.0,8.394366264343262,8.28169059753418
1701438697.0,399024512.0,8.0563383102417,8.647887229919434
1701438697.0,447024158.0,8.450704574584961,8.253520965576172
1701438697.0,496058732.0,8.845070838928223,8.08450698852539
1701438697.0,543005048.0,8.760563850402832,7.915493011474609
1701438697.0,591722192.0,8.478873252868652,8.535211563110352
1701438697.0,656038244.0,8.197182655334473,8.563380241394043
1701438697.0,702834678.0,8.0563383102417,8.788732528686523
1701438697.0,751259797.0,8.619718551635742,8.112675666809082
1701438697.0,782739983.0,8.169013977050781,8.788732528686523
1701438697.0,846530705.0,8.591548919677734,8.08450698852539
1701438697.0,912079523.0,8.0563383102417,9.014084815979004
1701438697.0,942571065.0,8.760563850402832,7.88732385635376
1701438697.0,990936953.0,8.478873252868652,8.535211563110352
1701438698.0,54811609.0,8.28169059753418,8.535211563110352
1701438698.0,102453989.0,8.22535228729248,8.816901206970215
1701438698.0,150903262.0,8.647887229919434,8.169013977050781
1701438698.0,182304451.0,8.14084529876709,8.732394218444824
1701438698.0,246309622.0,8.591548919677734,8.0563383102417
1701438698.0,294386241.0,8.845070838928223,8.0563383102417
1701438698.0,343176739.0,8.760563850402832,7.943662166595459
1701438698.0,407090694.0,8.14084529876709,8.929577827453613
1701438698.0,454282036.0,8.169013977050781,8.478873252868652
1701438698.0,502396119.0,8.0563383102417,8.760563850402832
1701438698.0,565885152.0,8.873239517211914,7.97183084487915
1701438698.0,600186225.0,8.14084529876709,8.845070838928223
1701438698.0,645821193.0,8.591548919677734,8.28169059753418
1701438698.0,693809547.0,8.816901206970215,8.0
1701438698.0,758682424.0,8.732394218444824,8.14084529876709
1701438698.0,789692978.0,8.676055908203125,8.338027954101562
1701438698.0,839209709.0,8.788732528686523,8.0
1701438698.0,918448804.0,8.28169059753418,8.619718551635742
1701438698.0,933620867.0,8.394366264343262,8.873239517211914
1701438698.0,997883473.0,8.028168678283691,8.788732528686523
1701438699.0,45464533.0,8.36619758605957,8.22535228729248
1701438699.0,93472470.0,8.816901206970215,8.0
1701438699.0,141486481.0,8.760563850402832,7.943662166595459
1701438699.0,189572860.0,8.676055908203125,8.338027954101562
1701438699.0,238126232.0,8.816901206970215,8.0563383102417
1701438699.0,301518473.0,8.028168678283691,8.873239517211914
1701438699.0,349427052.0,8.450704574584961,8.338027954101562
1701438699.0,381272311.0,8.36619758605957,8.760563850402832
1701438699.0,446148358.0,8.36619758605957,8.22535228729248
1701438699.0,494080039.0,8.816901206970215,8.028168678283691
1701438699.0,542149348.0,8.704225540161133,7.97183084487915
1701438699.0,590139632.0,8.676055908203125,8.309859275817871
1701438699.0,636936055.0,8.816901206970215,8.08450698852539
1701438699.0,702206058.0,8.0563383102417,8.957746505737305
1701438699.0,748854511.0,8.309859275817871,8.507041931152344
1701438699.0,796805937.0,8.08450698852539,9.014084815979004
1701438699.0,845588577.0,8.253520965576172,8.253520965576172
1701438699.0,892736516.0,8.760563850402832,8.0
1701438699.0,940792373.0,8.704225540161133,8.169013977050781
1701438699.0,988788012.0,8.760563850402832,8.028168678283691
1701438700.0,52710014.0,8.0563383102417,8.901408195495605
1701438700.0,100847329.0,8.169013977050781,8.873239517211914
1701438700.0,148514999.0,8.169013977050781,8.507041931152344
1701438700.0,196443929.0,8.112675666809082,8.957746505737305
1701438700.0,244606911.0,8.28169059753418,8.422534942626953
1701438700.0,292896562.0,8.676055908203125,8.028168678283691
1701438700.0,325208161.0,8.0,8.929577827453613
1701438700.0,375032444.0,8.36619758605957,8.36619758605957
1701438700.0,437221766.0,8.816901206970215,8.22535228729248
1701438700.0,500529962.0,8.22535228729248,8.957746505737305
1701438700.0,565189555.0,7.408450603485107,7.323943614959717
1701438700.0,597068463.0,7.521126747131348,6.647887229919434
1701438700.0,660583939.0,4.760563373565674,4.535211086273193
1701438700.0,693341043.0,3.8309860229492188,4.366197109222412
1701438700.0,755986252.0,2.4225351810455322,2.760563373565674
1701438700.0,804135463.0,1.0985915660858154,1.380281686782837
1701438700.0,852716437.0,0.47887325286865234,0.39436620473861694
1701438700.0,901110252.0,0.8450704216957092,0.4507042169570923
1701438700.0,947775610.0,0.8732394576072693,1.183098554611206
1701438700.0,995706219.0,0.9577465057373047,0.98591548204422
1701438701.0,43790591.0,0.7605633735656738,1.0140844583511353
1701438701.0,92507704.0,0.9577465057373047,0.9295774698257446
1701438701.0,139788467.0,0.9295774698257446,0.7887324094772339
1701438701.0,187733500.0,0.9014084339141846,0.8169013857841492
1701438701.0,235500372.0,0.8732394576072693,0.7323943376541138
1701438701.0,299716385.0,0.9577465057373047,0.9014084339141846
1701438701.0,347471853.0,0.6760563254356384,0.7605633735656738
1701438701.0,395390002.0,0.9577465057373047,0.9577465057373047
1701438701.0,443698931.0,0.98591548204422,0.8732394576072693
1701438701.0,491642101.0,1.0140844583511353,0.8169013857841492
1701438701.0,542130617.0,0.7042253613471985,0.8169013857841492
1701438701.0,603327464.0,0.98591548204422,0.7605633735656738
1701438701.0,651396449.0,0.5070422291755676,0.9014084339141846
1701438701.0,700557403.0,0.6478873491287231,0.8450704216957092
1701438701.0,748050752.0,1.0140844583511353,0.98591548204422
1701438701.0,796029361.0,0.9014084339141846,0.8450704216957092
1701438701.0,861041763.0,0.9014084339141846,0.7887324094772339
1701438701.0,891378988.0,0.5633803009986877,0.8169013857841492
1701438701.0,939783522.0,0.7605633735656738,0.7887324094772339
1701438702.0,66752356.0,2.0,1.5492957830429077
1701438702.0,99351502.0,1.436619758605957,1.7183098793029785
1701438702.0,131020761.0,1.5211267471313477,1.380281686782837
1701438702.0,180216654.0,0.7042253613471985,0.0
1701438702.0,194685246.0,0.0,0.0
1701438702.0,242631478.0,0.0,0.0
1701438702.0,290819729.0,0.0,0.0
1701438702.0,338965577.0,-1.154929518699646,1.154929518699646
1701438702.0,386449596.0,-1.8591549396514893,2.197183132171631
1701438702.0,452131982.0,-3.2957746982574463,2.9014084339141846
1701438702.0,498700238.0,-3.4647886753082275,3.94366192817688
1701438702.0,547162969.0,-4.309859275817871,4.535211086273193
1701438702.0,578709999.0,-5.577464580535889,5.408450603485107
1701438702.0,658602027.0,-6.647887229919434,5.97183084487915
1701438702.0,690791223.0,-6.760563373565674,6.816901206970215
1701438702.0,738452010.0,-6.732394218444824,6.3380279541015625
1701438702.0,787488296.0,-6.2816901206970215,6.535211086273193
1701438702.0,850509836.0,-5.915493011474609,6.816901206970215
1701438702.0,883069213.0,-6.253520965576172,6.394366264343262
1701438702.0,948099049.0,-6.169013977050781,6.507042407989502
1701438702.0,993973502.0,-6.535211086273193,5.97183084487915
1701438703.0,41913643.0,-6.2816901206970215,6.535211086273193
1701438703.0,91193354.0,-5.97183084487915,6.816901206970215
1701438703.0,281716227.0,-3.0422534942626953,3.0985915660858154
1701438703.0,297863892.0,-2.1408450603485107,2.4788732528686523
1701438703.0,329695637.0,-1.7183098793029785,1.8028168678283691
1701438703.0,361841612.0,-0.98591548204422,0.9577465057373047
1701438703.0,393645660.0,0.0,0.0
1701438703.0,409651873.0,-0.3661971688270569,0.0
1701438703.0,457813201.0,-0.8169013857841492,0.0
1701438703.0,489954951.0,-0.5352112650871277,1.2112675905227661
1701438703.0,537806764.0,0.0,0.0
1701438703.0,586377778.0,0.0,0.0
1701438703.0,649595972.0,0.0,0.0
1701438703.0,681433934.0,0.0,0.0
1701438703.0,761315882.0,0.0,0.0
1701438703.0,794834120.0,0.0,0.0
1701438703.0,842144530.0,0.0,0.0
1701438703.0,889291523.0,0.0,0.0
1701438703.0,937276941.0,0.0,0.0
1701438703.0,985675144.0,0.0,0.0
1701438704.0,49259963.0,1.0704225301742554,1.774647831916809
1701438704.0,98144568.0,2.9577465057373047,3.6056337356567383
1701438704.0,146123437.0,4.394366264343262,4.873239517211914
1701438704.0,178090482.0,5.521126747131348,5.098591327667236
1701438704.0,240965508.0,7.183098793029785,6.535211086273193
1701438704.0,289016121.0,7.943662166595459,8.28169059753418
1701438704.0,336994496.0,8.816901206970215,8.929577827453613
1701438704.0,385005836.0,8.901408195495605,8.253520965576172
1701438704.0,434100198.0,9.042253494262695,8.22535228729248
1701438704.0,496843172.0,8.0563383102417,8.816901206970215
1701438704.0,544664738.0,8.450704574584961,8.422534942626953
1701438704.0,592738513.0,8.028168678283691,8.985915184020996
1701438704.0,640703384.0,8.422534942626953,8.22535228729248
1701438704.0,688994647.0,8.816901206970215,7.97183084487915
1701438704.0,752491320.0,8.676055908203125,8.08450698852539
1701438704.0,784528862.0,8.732394218444824,8.028168678283691
1701438704.0,864347352.0,8.845070838928223,8.028168678283691
1701438704.0,896724891.0,8.14084529876709,8.957746505737305
1701438704.0,928631771.0,8.0563383102417,8.929577827453613
1701438704.0,992339635.0,8.14084529876709,8.901408195495605
1701438705.0,24267396.0,8.169013977050781,8.845070838928223
1701438705.0,73183289.0,8.253520965576172,8.36619758605957
1701438705.0,153150186.0,8.704225540161133,7.943662166595459
1701438705.0,185129344.0,8.619718551635742,8.08450698852539
1701438705.0,233089699.0,8.929577827453613,8.309859275817871
1701438705.0,297177071.0,8.112675666809082,8.985915184020996
1701438705.0,343985996.0,8.450704574584961,8.478873252868652
1701438705.0,423947312.0,8.08450698852539,8.929577827453613
1701438705.0,457087397.0,8.732394218444824,7.88732385635376
1701438705.0,487854218.0,8.788732528686523,7.97183084487915
1701438705.0,535958195.0,8.732394218444824,8.535211563110352
1701438705.0,584121893.0,8.732394218444824,8.0563383102417
1701438705.0,647839420.0,7.97183084487915,9.070422172546387
1701438705.0,695917209.0,8.14084529876709,8.816901206970215
1701438705.0,727762172.0,8.338027954101562,8.760563850402832
1701438705.0,775732404.0,8.422534942626953,8.338027954101562
1701438705.0,855731008.0,8.732394218444824,7.97183084487915
1701438705.0,887617525.0,8.816901206970215,8.08450698852539
1701438705.0,935639345.0,8.760563850402832,8.197182655334473
1701438705.0,970180626.0,8.788732528686523,8.507041931152344
1701438706.0,31431311.0,8.873239517211914,8.14084529876709
1701438706.0,95464888.0,8.08450698852539,8.929577827453613
1701438706.0,143403415.0,8.394366264343262,8.535211563110352
1701438706.0,192247108.0,8.08450698852539,8.929577827453613
1701438706.0,239310739.0,8.394366264343262,8.338027954101562
1701438706.0,287974571.0,8.732394218444824,7.915493011474609
1701438706.0,335330948.0,8.647887229919434,8.253520965576172
1701438706.0,384076018.0,8.704225540161133,8.028168678283691
1701438706.0,432245170.0,8.873239517211914,8.14084529876709
1701438706.0,495511633.0,8.08450698852539,8.929577827453613
1701438706.0,527885909.0,8.197182655334473,8.957746505737305
1701438706.0,590958661.0,8.08450698852539,8.929577827453613
1701438706.0,639003282.0,8.394366264343262,8.535211563110352
1701438706.0,687579025.0,8.760563850402832,7.943662166595459
1701438706.0,750773655.0,8.704225540161133,7.943662166595459
1701438706.0,798757541.0,8.394366264343262,8.507041931152344
1701438706.0,848101654.0,8.0563383102417,8.816901206970215
1701438706.0,896340116.0,8.169013977050781,8.845070838928223
1701438706.0,942721284.0,8.309859275817871,8.845070838928223
1701438706.0,990597394.0,8.0,8.873239517211914
1701438707.0,38604200.0,8.422534942626953,8.338027954101562
1701438707.0,102465416.0,8.28169059753418,8.338027954101562
1701438707.0,135784025.0,8.28169059753418,8.22535228729248
1701438707.0,198536295.0,8.169013977050781,8.704225540161133
1701438707.0,247381299.0,8.14084529876709,8.816901206970215
1701438707.0,295281537.0,8.22535228729248,8.816901206970215
1701438707.0,358388562.0,8.647887229919434,7.97183084487915
1701438707.0,390253445.0,8.0563383102417,8.873239517211914
1701438707.0,454891045.0,8.760563850402832,8.0563383102417
1701438707.0,488078463.0,8.788732528686523,8.0
1701438707.0,534829430.0,8.394366264343262,8.394366264343262
1701438707.0,583089398.0,8.732394218444824,7.943662166595459
1701438707.0,646707186.0,8.08450698852539,8.816901206970215
1701438707.0,694517072.0,8.253520965576172,8.676055908203125
1701438707.0,741931318.0,8.0563383102417,8.788732528686523
1701438707.0,789898982.0,8.0563383102417,8.732394218444824
1701438707.0,855218875.0,8.901408195495605,8.08450698852539
1701438707.0,886728168.0,8.619718551635742,7.97183084487915
1701438707.0,935172770.0,8.253520965576172,8.422534942626953
1701438707.0,981796940.0,8.732394218444824,7.943662166595459
1701438708.0,29685790.0,8.732394218444824,8.197182655334473
1701438708.0,109687801.0,8.197182655334473,8.816901206970215
1701438708.0,173881639.0,8.478873252868652,8.253520965576172
1701438708.0,253878187.0,8.816901206970215,7.915493011474609
1701438708.0,285738520.0,8.985915184020996,8.22535228729248
1701438708.0,317458714.0,8.0,8.929577827453613
1701438708.0,349561205.0,8.732394218444824,8.08450698852539
1701438708.0,382391680.0,8.845070838928223,7.915493011474609
1701438708.0,445755504.0,8.028168678283691,8.985915184020996
1701438708.0,493604185.0,8.112675666809082,8.676055908203125
1701438708.0,525490961.0,8.28169059753418,8.253520965576172
1701438708.0,589263335.0,8.14084529876709,8.760563850402832
1701438708.0,653388408.0,8.816901206970215,7.97183084487915
1701438708.0,686192470.0,8.957746505737305,8.253520965576172
1701438708.0,733350874.0,8.591548919677734,8.394366264343262
1701438708.0,798206074.0,8.394366264343262,8.338027954101562
1701438708.0,830116465.0,8.563380241394043,8.309859275817871
1701438708.0,893271797.0,8.112675666809082,8.704225540161133
1701438708.0,956942298.0,8.816901206970215,8.309859275817871
1701438708.0,989137797.0,8.112675666809082,8.845070838928223
1701438709.0,36832750.0,8.28169059753418,8.704225540161133
1701438709.0,84918712.0,8.901408195495605,8.22535228729248
1701438709.0,134041381.0,8.704225540161133,8.394366264343262
1701438709.0,181518867.0,8.760563850402832,7.88732385635376
1701438709.0,245477503.0,8.0,8.901408195495605
1701438709.0,292620098.0,8.14084529876709,8.732394218444824
1701438709.0,342023492.0,8.22535228729248,8.816901206970215
1701438709.0,389705215.0,8.36619758605957,8.788732528686523
1701438709.0,436530634.0,8.253520965576172,8.816901206970215
1701438709.0,484734571.0,8.788732528686523,8.197182655334473
1701438709.0,724404921.0,8.422534942626953,8.14084529876709
1701438709.0,772476576.0,8.647887229919434,8.08450698852539
1701438709.0,788680383.0,8.253520965576172,8.36619758605957
1701438709.0,820258223.0,8.169013977050781,8.676055908203125
1701438709.0,852370907.0,8.647887229919434,8.14084529876709
1701438709.0,868522967.0,8.535211563110352,7.943662166595459
1701438709.0,899886790.0,8.422534942626953,8.14084529876709
1701438709.0,932347184.0,8.450704574584961,8.732394218444824
1701438709.0,981170688.0,8.788732528686523,7.85915470123291
1701438710.0,27998375.0,8.394366264343262,8.394366264343262
1701438710.0,93215452.0,8.169013977050781,8.394366264343262
1701438710.0,141174411.0,8.197182655334473,8.901408195495605
1701438710.0,189019613.0,8.309859275817871,8.338027954101562
1701438710.0,221119686.0,8.112675666809082,8.535211563110352
1701438710.0,283961236.0,8.788732528686523,8.28169059753418
1701438710.0,333016259.0,8.450704574584961,8.760563850402832
1701438710.0,379979221.0,8.704225540161133,8.14084529876709
1701438710.0,460067104.0,8.647887229919434,8.591548919677734
1701438710.0,507668293.0,8.0563383102417,8.901408195495605
1701438710.0,523759707.0,8.394366264343262,8.112675666809082
1701438710.0,587802230.0,8.253520965576172,8.309859275817871
1701438710.0,636347665.0,8.0563383102417,8.873239517211914
1701438710.0,683578113.0,8.563380241394043,8.28169059753418
1701438710.0,747474577.0,6.591549396514893,6.676056385040283
1701438710.0,779440972.0,5.211267471313477,5.85915470123291
1701438710.0,827435438.0,4.11267614364624,4.478873252868652
1701438710.0,875786698.0,2.985915422439575,3.549295663833618
1701438710.0,939312789.0,1.6901408433914185,1.3521126508712769
1701438710.0,987279720.0,0.0,0.0
1701438711.0,35389632.0,0.7042253613471985,0.7323943376541138
1701438711.0,84247019.0,0.3380281627178192,0.3380281627178192
1701438711.0,131279276.0,0.8450704216957092,0.6760563254356384
1701438711.0,180135273.0,1.1267606019973755,0.98591548204422
1701438711.0,244239994.0,0.98591548204422,0.8450704216957092
1701438711.0,290801360.0,0.9014084339141846,0.8169013857841492
1701438711.0,386927958.0,0.5633803009986877,0.7887324094772339
1701438711.0,418972890.0,0.8450704216957092,0.8169013857841492
1701438711.0,452043974.0,0.7323943376541138,0.8450704216957092
1701438711.0,484419502.0,0.9577465057373047,0.8450704216957092
1701438711.0,548137136.0,0.9014084339141846,0.8450704216957092
1701438711.0,594525613.0,0.9295774698257446,0.8169013857841492
1701438711.0,643742260.0,0.9295774698257446,0.8732394576072693
1701438711.0,690854210.0,1.6338027715682983,1.380281686782837
1701438711.0,738762465.0,1.97183096408844,1.774647831916809
1701438711.0,786582697.0,1.183098554611206,1.2394366264343262
1701438711.0,834637540.0,0.9295774698257446,0.5633803009986877
1701438711.0,883435013.0,0.0,0.0
1701438711.0,930833075.0,0.0,0.0
1701438711.0,978554069.0,0.0,0.0
1701438712.0,44079816.0,0.0,0.0
1701438712.0,91220353.0,-1.380281686782837,1.8309859037399292
1701438712.0,138427669.0,-2.1690139770507812,2.366197109222412
1701438712.0,186302628.0,-2.9577465057373047,3.3521127700805664
1701438712.0,234374701.0,-4.02816915512085,3.5774648189544678
1701438712.0,298352921.0,-4.732394218444824,4.563380241394043
1701438712.0,347196366.0,-5.97183084487915,6.14084529876709
1701438712.0,378367196.0,-6.197183132171631,6.535211086273193
1701438712.0,427126124.0,-6.478873252868652,6.901408672332764
1701438712.0,491440096.0,-6.02816915512085,6.563380241394043
1701438712.0,539126459.0,-6.0,5.943662166595459
1701438712.0,585990794.0,-6.02816915512085,6.366197109222412
1701438712.0,633966566.0,-5.85915470123291,6.056337833404541
1701438712.0,683183133.0,-5.97183084487915,5.746479034423828
1701438712.0,730931252.0,-5.88732385635376,6.14084529876709
1701438712.0,793979056.0,-5.830986022949219,5.97183084487915
1701438712.0,843197218.0,-5.943662166595459,5.746479034423828
1701438712.0,873778465.0,-5.7746477127075195,6.0
1701438712.0,937706511.0,-5.014084339141846,5.521126747131348
1701438712.0,985631508.0,-3.802816867828369,3.9154930114746094
1701438713.0,33611186.0,-2.760563373565674,2.7887322902679443
1701438713.0,81817005.0,-1.2394366264343262,1.3521126508712769
1701438713.0,129692891.0,0.0,0.0
1701438713.0,161825387.0,0.0,0.0
1701438713.0,225505530.0,0.0,0.0
1701438713.0,305483728.0,0.0,0.0
1701438713.0,353378732.0,0.0,0.0
1701438713.0,385329287.0,0.0,0.0
1701438713.0,449299906.0,0.0,0.0
1701438713.0,481520062.0,0.0,0.0
1701438713.0,529358493.0,0.0,0.0
1701438713.0,578901863.0,0.0,0.0
1701438713.0,626152859.0,0.0,0.0
1701438713.0,690180867.0,0.0,0.0
1701438713.0,739229206.0,0.0,0.0
1701438713.0,786043711.0,0.0,0.0
1701438713.0,832982880.0,0.0,0.0
1701438713.0,881433350.0,0.0,0.0
1701438713.0,930100662.0,0.0,0.0
1701438713.0,977429595.0,0.0,0.0
1701438714.0,40848025.0,0.0,0.0
1701438714.0,90213275.0,0.0,0.0
1701438714.0,152750272.0,0.0,0.0
1701438714.0,184838441.0,0.0,0.0
1701438714.0,232634678.0,0.0,0.0
1701438714.0,281046439.0,0.0,0.0
1701438714.0,328881217.0,0.0,0.0
1701438714.0,378146342.0,0.0,0.0
1701438714.0,424553100.0,0.0,0.0
1701438714.0,504539942.0,0.0,0.0
1701438714.0,538207642.0,0.0,0.0
1701438714.0,568725404.0,0.0,0.0
1701438714.0,617363541.0,0.0,0.0
1701438714.0,680380086.0,0.0,0.0
1701438714.0,728553450.0,0.0,0.0
1701438714.0,776807404.0,0.0,0.0
1701438714.0,856523522.0,0.0,0.0
1701438714.0,905317565.0,0.0,0.0
1701438714.0,936436304.0,0.0,0.0
1701438714.0,984929855.0,0.0,0.0
1701438715.0,49090565.0,0.0,0.0
1701438715.0,81151488.0,0.0,0.0
1701438715.0,129214767.0,0.0,0.0
1701438715.0,175946386.0,0.0,0.0
1701438715.0,241027073.0,0.0,0.0
1701438715.0,289070425.0,0.0,0.0
1701438715.0,351821487.0,0.0,0.0
1701438715.0,383949112.0,0.0,0.0
1701438715.0,431976498.0,0.0,0.0
1701438715.0,479862581.0,0.0,0.0
1701438715.0,575640488.0,0.0,0.0
1701438715.0,623608275.0,0.0,0.0
1701438715.0,655513029.0,0.0,0.0
1701438715.0,687793974.0,0.0,0.0
1701438715.0,735494551.0,0.0,0.0
1701438715.0,783560364.0,0.0,0.0
1701438715.0,832753869.0,0.0,0.0
1701438715.0,879743643.0,0.0,0.0
1701438715.0,927561264.0,0.0,0.0
1701438715.0,993131694.0,0.0,0.0
1701438716.0,23254335.0,0.0,0.0
1701438716.0,87461054.0,0.0,0.0
1701438716.0,136165315.0,0.0,0.0
1701438716.0,184164608.0,0.0,0.0
1701438716.0,231585126.0,0.0,0.0
1701438716.0,296075712.0,0.0,0.0
1701438716.0,327680962.0,0.0,0.0
1701438716.0,392122833.0,0.0,0.0
1701438716.0,439041643.0,0.0,0.0
1701438716.0,488175379.0,0.0,0.0
1701438716.0,550816583.0,0.0,0.0
1701438716.0,582839060.0,0.0,0.0
1701438716.0,630986483.0,0.0,0.0
1701438716.0,680429701.0,0.0,0.0
1701438716.0,727979738.0,0.0,0.0
1701438716.0,774875488.0,0.0,0.0
1701438716.0,854859947.0,0.0,0.0
1701438716.0,902555825.0,0.0,0.0
1701438716.0,934769291.0,0.0,0.0
1701438716.0,982517926.0,0.0,0.0
1701438717.0,46735443.0,0.0,0.0
1701438717.0,79969063.0,0.0,0.0
1701438717.0,126503809.0,0.0,0.0
1701438717.0,160240748.0,0.0,0.0
1701438717.0,239361054.0,0.0,0.0
1701438717.0,286532065.0,0.0,0.0
1701438717.0,334307043.0,0.0,0.0
1701438717.0,383248672.0,0.0,0.0
1701438717.0,431231443.0,0.0,0.0
1701438717.0,478894988.0,0.0,0.0
1701438717.0,527248033.0,0.0,0.0
1701438717.0,653985680.0,0.0,0.0
1701438717.0,686590833.0,0.0,0.0
1701438717.0,701922822.0,0.0,0.0
1701438717.0,733951683.0,0.0,0.0
1701438717.0,781929759.0,0.0,0.0
1701438717.0,829893447.0,0.0,0.0
1701438717.0,879076251.0,0.0,0.0
1701438717.0,927400836.0,0.0,0.0
1701438717.0,989734882.0,0.0,0.0
1701438718.0,21715710.0,0.0,0.0
1701438718.0,86814956.0,0.0,0.0
1701438718.0,133664232.0,0.0,0.0
1701438718.0,181585874.0,0.0,0.0
1701438718.0,229606512.0,0.0,0.0
1701438718.0,278993968.0,0.0,0.0
1701438718.0,341455700.0,0.0,0.0
1701438718.0,357938125.0,0.0,0.0
1701438718.0,437708454.0,0.0,0.0
1701438718.0,485725380.0,0.0,0.0
1701438718.0,533325156.0,0.0,0.0
1701438718.0,581277744.0,0.0,0.0
1701438718.0,629268072.0,0.0,0.0
1701438718.0,677572693.0,0.0,0.0
1701438718.0,725378582.0,0.0,0.0
1701438718.0,774209817.0,0.0,0.0
1701438718.0,837445067.0,0.0,0.0
1701438718.0,885282930.0,0.0,0.0
1701438718.0,934547358.0,0.0,0.0
1701438718.0,980986844.0,0.0,0.0
1701438719.0,28989053.0,0.0,0.0
1701438719.0,78088646.0,0.0,0.0
1701438719.0,126033871.0,0.0,0.0
1701438719.0,175185224.0,0.0,0.0
1701438719.0,220889150.0,0.0,0.0
1701438719.0,286013015.0,0.0,0.0
1701438719.0,333735930.0,0.0,0.0
1701438719.0,364815808.0,0.0,0.0
1701438719.0,444924834.0,0.0,0.0
1701438719.0,476631225.0,0.0,0.0
1701438719.0,524725754.0,0.0,0.0
1701438719.0,574071321.0,0.0,0.0
1701438719.0,620503053.0,0.0,0.0
1701438719.0,668609344.0,0.0,0.0
1701438719.0,716564081.0,0.0,0.0
1701438719.0,780404582.0,0.0,0.0
1701438719.0,828434119.0,0.0,0.0
1701438719.0,876358679.0,0.0,0.0
1701438719.0,924384866.0,0.0,0.0
1701438719.0,974079571.0,0.0,0.0
1701438720.0,21822918.0,0.0,0.0
1701438720.0,84693207.0,0.0,0.0
1701438720.0,132728826.0,0.0,0.0
1701438720.0,181388387.0,0.0,0.0
1701438720.0,229084510.0,0.0,0.0
1701438720.0,277018818.0,0.0,0.0
1701438720.0,325053277.0,0.0,0.0
1701438720.0,387960999.0,0.0,0.0
1701438720.0,420715586.0,0.0,0.0
1701438720.0,484718950.0,0.0,0.0
1701438720.0,547850264.0,0.0,0.0
1701438720.0,611775909.0,0.0,0.0
1701438720.0,643922998.0,0.0,0.0
1701438720.0,661008149.0,0.0,0.0
1701438720.0,739922826.0,0.0,0.0
1701438720.0,787633005.0,0.0,0.0
1701438720.0,835653305.0,0.0,0.0
1701438720.0,883907722.0,0.0,0.0
1701438720.0,931544704.0,0.0,0.0
1701438720.0,979651961.0,0.0,0.0
1701438721.0,27470350.0,0.0,0.0
1701438721.0,75464546.0,0.0,0.0
1701438721.0,139456485.0,0.0,0.0
1701438721.0,171327920.0,0.0,0.0
1701438721.0,235555757.0,0.0,0.0
1701438721.0,283453160.0,0.0,0.0
1701438721.0,331377025.0,0.0,0.0
1701438721.0,380232742.0,0.0,0.0
1701438721.0,429187413.0,0.0,0.0
1701438721.0,476176898.0,0.0,0.0
1701438721.0,524233859.0,0.0,0.0
1701438721.0,572225055.0,0.0,0.0
1701438721.0,620102032.0,0.0,0.0
1701438721.0,684182862.0,0.0,0.0
1701438721.0,731976193.0,0.0,0.0
1701438721.0,764057908.0,0.0,0.0
1701438721.0,828198923.0,0.0,0.0
1701438721.0,890822759.0,0.0,0.0
1701438721.0,938837749.0,0.0,0.0
1701438721.0,986617272.0,0.0,0.0
1701438722.0,18793243.0,0.0,0.0
1701438722.0,66734169.0,0.0,0.0
1701438722.0,130636807.0,0.0,0.0
1701438722.0,196265500.0,0.0,0.0
1701438722.0,226779532.0,0.0,0.0
1701438722.0,277019074.0,0.0,0.0
1701438722.0,338558419.0,0.0,0.0
1701438722.0,370465176.0,0.0,0.0
1701438722.0,435655129.0,0.0,0.0
1701438722.0,482647846.0,0.0,0.0
1701438722.0,530327924.0,0.0,0.0
1701438722.0,578413908.0,0.0,0.0
1701438722.0,626265661.0,0.0,0.0
1701438722.0,659237202.0,0.0,0.0
1701438722.0,722405852.0,0.0,0.0
1701438722.0,770379882.0,0.0,0.0
1701438722.0,835828287.0,0.0,0.0
1701438722.0,882381322.0,0.0,0.0
1701438722.0,931021372.0,0.0,0.0
1701438722.0,995417005.0,0.0,0.0
1701438723.0,57937620.0,0.0,0.0
1701438723.0,89886400.0,0.0,0.0
1701438723.0,123757976.0,0.0,0.0
1701438723.0,169886805.0,0.0,0.0
1701438723.0,217854474.0,0.0,0.0
1701438723.0,284242479.0,0.0,0.0
1701438723.0,377740493.0,0.0,0.0
1701438723.0,409789537.0,0.0,0.0
1701438723.0,443985384.0,0.0,0.0
1701438723.0,474514374.0,0.0,0.0
1701438723.0,522774999.0,0.0,0.0
1701438723.0,585632270.0,0.0,0.0
1701438723.0,634744148.0,0.0,0.0
1701438723.0,665551472.0,0.0,0.0
1701438723.0,745414446.0,0.0,0.0
1701438723.0,777425918.0,0.0,0.0
1701438723.0,889449686.0,0.0,0.0
1701438723.0,921529658.0,0.0,0.0
1701438723.0,953724161.0,0.0,0.0
1701438723.0,985407716.0,0.0,0.0
1701438724.0,33571755.0,0.0,0.0
1701438724.0,81519028.0,0.0,0.0
1701438724.0,130223331.0,0.0,0.0
1701438724.0,178105182.0,0.0,0.0
1701438724.0,226117399.0,0.0,0.0
1701438724.0,273311880.0,0.0,0.0
