timestamp_sec,timestamp_nanosec,current_ma_left,current_ma_right,pwm_left,pwm_right,wheels_enabled
1701438661,227549168,0,0,0,0,True
1701438663,936968965,0,0,0,0,True
1701438664,16794714,0,0,0,0,True
1701438664,65874129,0,0,0,0,True
1701438664,96987252,0,0,0,0,True
1701438664,145715170,0,0,0,0,True
1701438664,192914591,0,0,0,0,True
1701438664,240994921,0,0,0,0,True
1701438664,305695301,0,0,0,0,True
1701438664,337390275,0,0,0,0,True
1701438664,401326823,0,0,0,0,True
1701438664,449703580,0,0,0,0,True
1701438664,513484783,0,0,0,0,True
1701438664,593636140,0,0,0,0,True
1701438664,626200960,0,0,0,0,True
1701438664,641727000,0,0,0,0,True
1701438664,689987610,0,0,0,0,True
1701438664,738323026,0,0,0,0,True
1701438664,834176834,0,0,0,0,True
1701438664,866485997,0,0,0,0,True
1701438664,898370900,0,0,0,0,True
1701438664,946690032,0,0,0,0,True
1701438664,995759219,0,0,0,0,True
1701438665,42472640,0,0,0,0,True
1701438665,90576730,0,0,0,0,True
1701438665,139160452,0,0,0,0,True
1701438665,202823497,0,0,0,0,True
1701438665,250903240,0,0,0,0,True
1701438665,299096806,0,0,0,0,True
1701438665,347209449,0,0,0,0,True
1701438665,411225903,0,0,0,0,True
1701438665,443170189,0,0,0,0,True
1701438665,491344925,0,0,0,0,True
1701438665,539535871,0,0,0,0,True
1701438665,603496145,0,0,0,0,True
1701438665,651686105,0,0,0,0,True
1701438665,699893570,0,0,0,0,True
1701438665,763854507,0,0,0,0,True
1701438665,796722950,0,0,0,0,True
1701438665,844150399,0,0,0,0,True
1701438665,892127967,0,0,0,0,True
1701438665,940278803,0,0,0,0,True
1701438666,5754441,0,0,0,0,True
1701438666,52330979,0,0,0,0,True
1701438666,116903823,0,0,0,0,True
1701438666,148637305,0,0,0,0,True
1701438666,212660749,0,0,0,0,True
1701438666,260697852,0,0,0,0,True
1701438666,292955387,0,0,0,0,True
1701438666,356828408,0,0,0,0,True
1701438666,405731350,0,0,0,0,True
1701438666,453114087,0,0,0,0,True
1701438666,501296905,0,0,0,0,True
1701438666,549497790,0,0,0,0,True
1701438666,597274774,0,0,0,0,True
1701438666,645898602,0,0,0,0,True
1701438666,709916610,0,0,0,0,True
1701438666,742043549,0,0,0,0,True
1701438666,805649714,0,0,0,0,True
1701438666,853803943,0,0,0,0,True
1701438666,902095275,0,0,0,0,True
1701438666,950158093,0,0,0,0,True
1701438666,966521460,0,0,0,0,True
1701438666,998209799,0,0,0,0,True
1701438667,126652470,0,0,0,0,True
1701438667,158491694,0,0,0,0,True
1701438667,255655495,0,0,0,0,True
1701438667,319103345,0,0,0,0,True
1701438667,400855088,0,0,0,0,True
1701438667,415664956,0,0,0,0,True
1701438667,447134867,0,0,0,0,True
1701438667,478875407,0,0,0,0,True
1701438667,559174301,0,0,0,0,True
1701438667,719669759,0,0,0,0,True
1701438667,735561209,0,0,0,0,True
1701438667,751950191,0,0,0,0,True
1701438667,783735197,0,0,0,0,True
1701438667,863273075,0,0,0,0,True
1701438667,895700009,0,0,0,0,True
1701438667,927703495,0,0,0,0,True
1701438668,40669403,0,0,0,0,True
1701438668,111947213,0,0,0,0,True
1701438668,136120323,0,0,0,0,True
1701438668,168460811,0,0,0,0,True
1701438668,248745921,0,0,0,0,True
1701438668,280891750,0,0,0,0,True
1701438668,328489103,0,0,0,0,True
1701438668,408473527,0,0,0,0,True
1701438668,456695191,0,0,0,0,True
1701438668,505439253,0,0,0,0,True
1701438668,601023587,0,0,0,0,True
1701438668,616971527,0,0,0,0,True
1701438668,713336225,0,0,0,0,True
1701438668,746467203,0,0,0,0,True
1701438668,857290207,0,0,0,0,True
1701438668,889940493,0,0,0,0,True
1701438668,921383525,0,0,0,0,True
1701438669,17592926,0,0,0,0,True
1701438669,50127472,0,0,0,0,True
1701438669,81671356,0,0,0,0,True
1701438669,161923112,0,0,0,0,True
1701438669,177845900,0,0,0,0,True
1701438669,210223263,0,0,0,0,True
1701438669,307342438,0,0,0,0,True
1701438669,355369385,0,0,0,0,True
1701438669,435436967,0,0,0,0,True
1701438669,515640894,0,0,0,0,True
1701438669,547684619,0,0,0,0,True
1701438669,562736687,0,0,0,0,True
1701438669,658875865,0,0,0,0,True
1701438669,708084404,0,0,0,0,True
1701438669,818910290,0,0,0,0,True
1701438669,835503210,0,0,0,0,True
1701438669,931076000,0,0,0,0,True
1701438669,963392172,0,0,0,0,True
1701438669,995309704,0,0,0,0,True
1701438670,59206989,0,0,0,0,True
1701438670,91846675,0,0,0,0,True
1701438670,155621017,0,0,0,0,True
1701438670,187965097,0,0,0,0,True
1701438670,219662796,0,0,0,0,True
1701438670,299997682,0,0,0,0,True
1701438670,348150321,0,0,0,0,True
1701438670,379962925,0,0,0,0,True
1701438670,459781203,0,0,0,0,True
1701438670,508427808,0,0,0,0,True
1701438670,556727331,0,0,0,0,True
1701438670,669069272,0,0,0,0,True
1701438670,700574892,0,0,0,0,True
1701438670,812926525,0,0,0,0,True
1701438670,845122449,0,0,0,0,True
1701438670,908667832,0,0,0,0,True
1701438670,957174154,0,0,0,0,True
1701438671,20643752,0,0,0,0,True
1701438671,101155623,0,0,0,0,True
1701438671,133178239,0,0,0,0,True
1701438671,166493028,0,0,0,0,True
1701438671,261477774,0,0,0,0,True
1701438671,277472326,0,0,0,0,True
1701438671,293747547,0,0,0,0,True
1701438671,357763309,0,0,0,0,True
1701438671,502187589,0,0,0,0,True
1701438671,566453852,0,0,0,0,True
1701438671,662220521,0,0,0,0,True
1701438671,677882627,0,0,0,0,True
1701438671,694848960,0,0,0,0,True
1701438671,726760764,0,0,0,0,True
1701438671,790889540,0,0,0,0,True
1701438671,886359337,0,0,0,0,True
1701438671,950881456,0,0,0,0,True
1701438672,3026446,0,0,0,0,True
1701438672,30984815,0,0,0,0,True
1701438672,62705614,0,0,0,0,True
1701438672,111130161,0,0,0,0,True
1701438672,190940919,0,0,0,0,True
1701438672,319490511,0,0,0,0,True
1701438672,335096655,0,0,0,0,True
1701438672,367509032,0,0,0,0,True
1701438672,415804093,0,0,0,0,True
1701438672,544815145,0,0,0,0,True
1701438672,559928102,0,0,0,0,True
1701438672,591581729,0,0,0,0,True
1701438672,721316892,0,0,0,0,True
1701438672,735836151,0,0,0,0,True
1701438672,767825518,0,0,0,0,True
1701438673,216661721,0,0,0,0,True
1701438673,248578916,0,0,0,0,True
1701438673,330313888,0,0,0,0,True
1701438673,344812863,0,0,0,0,True
1701438673,396696445,0,0,0,0,True
1701438673,462897462,0,0,0,0,True
1701438673,537303484,0,0,0,0,True
1701438673,874892745,0,0,0,0,True
1701438673,905691903,0,0,739,739,True
1701438674,49997748,149,222,12256,12184,True
1701438674,82119480,162,157,15162,13473,True
1701438674,114938648,166,236,15746,15067,True
1701438674,163011688,268,190,17643,19839,True
1701438674,322464182,81,100,19428,19728,True
1701438674,370676866,55,75,21143,19938,True
1701438674,418420752,42,115,20384,18566,True
1701438674,466525252,74,48,21457,20629,True
1701438674,514929382,177,43,20449,22186,True
1701438674,564299828,56,41,20983,21229,True
1701438674,610761116,128,44,19093,21889,True
1701438674,658792658,139,43,20750,21547,True
1701438674,707002942,145,74,18758,21505,True
1701438674,770973365,65,132,21222,19571,True
1701438674,819072695,68,124,20682,18533,True
1701438674,884229780,133,30,19085,21822,True
1701438674,915595347,150,43,20144,21345,True
1701438674,979441731,161,49,19021,21904,True
1701438675,27401683,102,136,18968,20489,True
1701438675,75777405,51,112,20841,18972,True
1701438675,107563711,159,74,18526,21704,True
1701438675,155874387,89,158,18804,19351,True
1701438675,219864225,70,162,20553,18879,True
1701438675,267762543,64,108,21422,19021,True
1701438675,316153849,140,44,19967,21224,True
1701438675,364086648,63,82,20776,20271,True
1701438675,412084826,135,34,19100,21897,True
1701438675,460163397,116,37,20509,20415,True
1701438675,508156148,144,49,18490,22244,True
1701438675,572270302,58,129,21032,19193,True
1701438675,620361676,62,158,20522,19484,True
1701438675,668398019,65,107,21460,19608,True
1701438675,717053751,149,35,20295,21589,True
1701438675,764876156,61,76,21564,20124,True
1701438675,813994439,140,48,19093,22425,True
1701438675,877199190,60,147,20029,18918,True
1701438675,925205826,122,106,19777,19345,True
1701438675,957092118,91,173,18717,20994,True
1701438676,5484155,148,88,18707,21010,True
1701438676,85529763,113,45,19356,22159,True
1701438676,117205588,149,45,20745,21883,True
1701438676,165389698,49,70,20731,20860,True
1701438676,229311305,89,131,18447,19840,True
1701438676,261314860,102,54,21164,21079,True
1701438676,309447091,145,74,18651,22131,True
1701438676,374457421,45,141,20981,20148,True
1701438676,405849149,148,65,19286,20745,True
1701438676,469696147,72,78,21163,19765,True
1701438676,517775345,158,42,20854,21674,True
1701438676,566010171,86,74,20839,20948,True
1701438676,614901893,109,55,19109,21854,True
1701438676,662037614,111,62,21010,21103,True
1701438676,726260453,121,111,19741,19179,True
1701438676,758227742,77,180,18659,19938,True
1701438676,823705570,56,126,19306,18627,True
1701438676,870271178,56,77,21009,19692,True
1701438676,918369758,165,40,20797,21816,True
1701438676,966827592,45,68,20615,20926,True
1701438677,46841415,44,155,20784,19366,True
1701438677,78866473,52,92,20406,18560,True
1701438677,110604194,153,98,19391,22573,True
1701438677,158794436,91,163,18925,19994,True
1701438677,223724791,62,169,19401,19205,True
1701438677,270916311,61,104,21108,19182,True
1701438677,318968100,114,38,20723,21226,True
1701438677,367222474,50,99,21155,20554,True
1701438677,415170828,113,33,19069,21868,True
1701438677,463521267,105,78,21059,20495,True
1701438677,511169019,155,54,19054,22210,True
1701438677,559454838,93,124,18853,20819,True
1701438677,623572437,65,161,19570,19434,True
1701438677,671449130,62,91,20230,19402,True
1701438677,735562640,144,92,18611,20978,True
1701438677,799884961,59,85,21204,19111,True
1701438677,815715170,115,33,19875,21970,True
1701438677,863808874,75,60,21174,20251,True
1701438677,913265951,146,49,19854,22006,True
1701438677,975976015,52,145,20668,19360,True
1701438678,24005700,84,154,18239,19430,True
1701438678,73499455,75,97,20368,19351,True
1701438678,136158254,156,82,18676,20843,True
1701438678,184266164,130,43,19899,22099,True
1701438678,233143248,122,112,18774,21472,True
1701438678,280452653,46,154,20062,19234,True
1701438678,313048794,148,47,19594,22271,True
1701438678,376504102,45,157,20676,19337,True
1701438678,424586566,79,145,18736,19974,True
1701438678,473764676,55,103,20720,19639,True
1701438678,520784456,118,52,20610,21258,True
1701438678,568935095,44,97,20780,20306,True
1701438678,616890896,112,46,19890,22208,True
1701438678,664923771,69,45,21248,20436,True
1701438678,712936889,140,48,19939,22251,True
1701438678,777305657,50,161,20733,19226,True
1701438678,825182941,85,153,18793,20022,True
1701438678,873320723,54,112,20523,18823,True
1701438678,937516681,150,49,19065,21724,True
1701438678,969610938,57,104,21005,20336,True
1701438679,17694750,122,36,19904,21891,True
1701438679,65575416,58,67,21161,20741,True
1701438679,130093360,106,119,18804,19806,True
1701438679,163055607,121,116,18802,20697,True
1701438679,243232878,140,46,19190,21601,True
1701438679,273980487,52,131,20862,18973,True
1701438679,322973897,94,39,20349,21745,True
1701438679,370199510,57,101,20948,19557,True
1701438679,418036669,114,39,20387,21983,True
1701438679,466129781,59,73,20645,20939,True
1701438679,530382762,113,127,18694,20915,True
1701438679,578306008,60,107,20687,18836,True
1701438679,626341504,125,102,19300,19715,True
1701438679,674715027,43,134,20816,19198,True
1701438679,723871559,82,55,20620,21391,True
1701438679,770723353,57,87,20671,19016,True
1701438679,818663960,117,40,20596,21147,True
1701438679,866711564,52,77,20972,20565,True
1701438679,914803496,101,44,19596,22165,True
1701438679,978984182,52,142,20303,19066,True
1701438680,58958605,124,119,18658,20731,True
1701438680,75004532,57,152,20965,19220,True
1701438680,139237222,155,58,18957,21713,True
1701438680,204431841,48,136,20659,19261,True
1701438680,219214164,105,67,20371,21382,True
1701438680,267268334,66,137,21025,20087,True
1701438680,315384714,123,42,19898,22194,True
1701438680,364542128,157,98,19202,21146,True
1701438680,427546993,138,111,18767,20854,True
1701438680,475565716,100,141,19849,19053,True
1701438680,524716759,40,80,21024,20333,True
1701438680,587743812,54,46,20869,21170,True
1701438680,619904054,73,42,21154,21274,True
1701438680,667881982,24,75,15555,14806,True
1701438680,715911366,28,70,10807,12642,True
1701438680,780143342,39,20,8111,7587,True
1701438680,828105217,18,16,5224,6808,True
1701438680,876153947,34,34,1666,2418,True
1701438680,925186588,41,17,923,1172,True
1701438680,972504837,67,126,4019,4470,True
1701438681,20534870,196,221,5580,5434,True
1701438681,68454514,26,52,2180,3306,True
1701438681,132685554,6,82,2316,3293,True
1701438681,165554786,132,87,3905,3345,True
1701438681,228743676,72,91,3141,3515,True
1701438681,276728251,174,47,4479,4013,True
1701438681,324996306,136,115,3719,3718,True
1701438681,373135011,20,31,2731,2785,True
1701438681,421835635,77,59,2938,3305,True
1701438681,469063566,79,98,3459,4356,True
1701438681,517150903,87,50,4080,3828,True
1701438681,565429062,137,117,3363,3758,True
1701438681,629215903,110,102,2832,3388,True
1701438681,693450127,20,134,3896,4060,True
1701438681,725389984,21,107,2611,3185,True
1701438681,773687227,103,72,3872,3364,True
1701438681,821867247,99,72,3625,4170,True
1701438681,869708564,79,104,2607,3396,True
1701438681,917836046,292,244,9056,9709,True
1701438681,965826233,12,13,3163,3488,True
1701438682,29899894,24,16,0,0,True
1701438682,77773605,4,6,0,0,True
1701438682,126028342,0,0,0,0,True
1701438682,191432364,0,0,0,0,True
1701438682,222817421,0,0,0,0,True
1701438682,271528210,0,0,0,0,True
1701438682,318267996,269,249,-6443,6419,True
1701438682,382827885,185,165,-8442,7756,True
1701438682,431468433,194,174,-10890,10047,True
1701438682,478409397,146,159,-11524,9958,True
1701438682,526864625,130,161,-12820,11538,True
1701438682,574818826,153,112,-16333,14048,True
1701438682,622675520,146,169,-17182,15365,True
1701438682,671396362,177,124,-14979,14646,True
1701438682,718771236,71,73,-16022,13879,True
1701438682,767436754,106,47,-17327,15233,True
1701438682,815219682,47,68,-15992,14382,True
1701438682,895227641,45,51,-15785,14548,True
1701438682,927131238,116,45,-17189,16218,True
1701438683,7324726,88,41,-16849,16309,True
1701438683,23314194,59,39,-16738,15828,True
1701438683,119746430,52,36,-16024,14897,True
1701438683,263831529,58,21,-3971,5374,True
1701438683,280920475,33,70,-4920,4652,True
1701438683,327802571,16,22,-2325,2402,True
1701438683,343907631,32,28,-575,1167,True
1701438683,423961041,4,0,0,0,True
1701438683,487993092,0,0,0,0,True
1701438683,536138529,0,0,0,0,True
1701438683,568210203,0,0,0,0,True
1701438683,648329831,0,0,0,0,True
1701438683,680838092,0,0,0,0,True
1701438683,744199027,0,0,0,0,True
1701438683,792288556,75,100,3307,3307,True
1701438683,824320083,195,261,8713,11172,True
1701438683,872365727,173,228,9615,10811,True
1701438683,920819614,249,111,13400,12530,True
1701438683,984545444,289,96,17233,16902,True
1701438684,32605776,165,189,20071,16888,True
1701438684,80740476,212,218,20544,22897,True
1701438684,128884726,67,159,21859,19634,True
1701438684,177066211,42,129,21176,18902,True
1701438684,385078390,48,134,20722,20229,True
1701438684,450432661,167,30,18811,21540,True
1701438684,481292263,67,144,20954,18959,True
1701438684,513349123,125,58,18896,22416,True
1701438684,530687272,128,86,20197,20240,True
1701438684,545311742,137,42,18750,22102,True
1701438684,577630676,51,137,21333,18776,True
1701438684,610573244,77,151,20919,18896,True
1701438684,641671107,110,42,19056,22323,True
1701438684,673465751,78,130,20898,19193,True
1701438684,721280061,146,52,19034,21127,True
1701438684,770877597,118,60,18642,21596,True
1701438684,833696508,125,103,20309,20675,True
1701438684,882001154,66,136,21370,19492,True
1701438684,931380211,84,140,20298,20124,True
1701438684,978370543,66,134,21070,18493,True
1701438685,25923297,143,67,20548,20925,True
1701438685,74003202,73,153,20608,19273,True
1701438685,138508865,85,69,18725,22203,True
1701438685,171391786,121,46,18840,22240,True
1701438685,234205310,104,79,19952,20987,True
1701438685,282396598,52,146,20952,19749,True
1701438685,330572819,100,114,20529,19176,True
1701438685,380073897,51,153,20882,19031,True
1701438685,426525728,109,91,19818,20357,True
1701438685,474536678,64,135,21248,18869,True
1701438685,522614803,132,64,19934,20950,True
1701438685,571187253,106,38,18385,22246,True
1701438685,634760627,92,77,18834,21602,True
1701438685,682794545,58,151,20672,19204,True
1701438685,746917926,120,47,18908,22382,True
1701438685,780026022,56,157,21032,19099,True
1701438685,827107988,132,103,20079,20454,True
1701438685,875141130,60,143,21173,19083,True
1701438685,939770348,143,40,18977,21812,True
1701438685,971575166,156,43,18888,22362,True
1701438686,35331428,130,81,18261,22573,True
1701438686,83328641,69,154,20312,19246,True
1701438686,131684252,70,118,21230,19473,True
1701438686,179663349,45,141,20697,19015,True
1701438686,227525779,58,88,20771,20276,True
1701438686,275637578,64,146,20580,19131,True
1701438686,323660459,131,61,20045,20841,True
1701438686,420189015,124,51,19637,21333,True
1701438686,452228276,153,58,20082,20352,True
1701438686,483862258,81,142,20629,19177,True
1701438686,532181876,70,112,21524,19386,True
1701438686,580249005,45,151,20756,19062,True
1701438686,644189364,150,50,18389,22375,True
1701438686,676327638,62,168,21048,19390,True
1701438686,724198646,112,56,20164,20597,True
1701438686,772913394,126,63,18658,22372,True
1701438686,820525801,123,73,18925,21732,True
1701438686,884391912,61,144,20466,19268,True
1701438686,933068605,76,104,21472,19343,True
1701438686,980854791,41,138,20659,18780,True
1701438687,29188536,76,102,20118,20321,True
1701438687,76646222,56,115,21070,18919,True
1701438687,124705585,113,50,20333,20260,True
1701438687,172814123,112,45,17839,22159,True
1701438687,236851512,96,85,18424,22398,True
1701438687,301119407,58,145,20668,20082,True
1701438687,333137252,80,80,21354,19004,True
1701438687,381225918,55,138,20836,18828,True
1701438687,430055371,66,110,20012,20422,True
1701438687,477227286,51,126,20960,18863,True
1701438687,525271305,121,48,20275,20285,True
1701438687,573396298,112,49,17869,22307,True
1701438687,638749262,103,88,18528,22004,True
1701438687,685471319,50,161,20253,19897,True
1701438687,733654072,108,74,21066,18941,True
1701438687,781727303,50,142,21017,19598,True
1701438687,830263232,77,138,20213,20098,True
1701438687,878743548,64,118,21106,18942,True
1701438687,925719646,115,53,20621,20592,True
1701438687,990243500,115,101,19931,19924,True
1701438688,38775958,128,70,18640,22098,True
1701438688,85775046,61,153,20308,19393,True
1701438688,134149569,61,83,21226,19032,True
1701438688,182207829,57,146,20792,19642,True
1701438688,230359833,60,134,20751,20107,True
1701438688,278436830,56,150,20442,19171,True
1701438688,326229200,110,60,20343,20677,True
1701438688,390414328,107,108,19881,20189,True
1701438688,438287891,135,68,18832,22238,True
1701438688,486470698,56,147,19505,19697,True
1701438688,550598977,101,44,19903,21298,True
1701438688,582752250,62,149,20791,19826,True
1701438688,630635808,57,132,20729,19997,True
1701438688,678824609,51,135,20576,18941,True
1701438688,728234278,114,66,21172,20742,True
1701438688,774986097,148,56,18361,22342,True
1701438688,838924206,140,61,18213,22196,True
1701438688,888153562,54,164,19354,19855,True
1701438688,935200459,58,92,20092,19490,True
1701438688,999167467,62,91,21202,19968,True
1701438689,31464886,45,143,20977,20111,True
1701438689,79363321,71,153,20346,18996,True
1701438689,128166281,101,71,20965,20824,True
1701438689,175719066,159,49,19017,22273,True
1701438689,239747395,174,74,18539,22277,True
1701438689,464201602,140,79,18777,20766,True
1701438689,479811276,77,128,20496,18722,True
1701438689,511801279,57,146,20915,18905,True
1701438689,575899415,159,41,19621,21283,True
1701438689,607984236,53,142,20492,18858,True
1701438689,640006553,132,58,17972,21935,True
1701438689,671954189,155,65,19198,22730,True
1701438689,704273639,61,128,21114,19168,True
1701438689,737659876,49,136,20575,18770,True
1701438689,768183473,131,74,18113,22361,True
1701438689,800120929,64,99,21211,19515,True
1701438689,832201031,65,124,21168,19209,True
1701438689,880276835,47,158,20085,19103,True
1701438689,928577803,92,65,20913,20802,True
1701438689,992529389,117,81,18782,20849,True
1701438690,40457438,144,54,18305,22134,True
1701438690,88550585,86,139,18923,20027,True
1701438690,137445550,53,129,20398,19164,True
1701438690,200630666,55,105,21242,19497,True
1701438690,248785447,118,48,19824,21628,True
1701438690,280751444,38,157,20321,19130,True
1701438690,345028205,132,39,18951,22076,True
1701438690,392889786,100,93,18684,20851,True
1701438690,441029693,87,20,16122,19569,True
1701438690,489062411,23,29,13357,15272,True
1701438690,537665913,23,22,8952,12054,True
1701438690,585423609,47,20,8192,7884,True
1701438690,633168504,34,16,4153,5890,True
1701438690,681212049,48,38,3050,2223,True
1701438690,729433355,8,7,320,591,True
1701438690,793375071,134,52,3496,2698,True
1701438690,841468770,52,92,3522,3916,True
1701438690,889601263,105,67,3056,3676,True
1701438690,937798794,83,49,3965,3478,True
1701438690,986869698,92,50,3061,3392,True
1701438691,33746282,45,103,3067,3826,True
1701438691,81921911,46,44,3623,3457,True
1701438691,146728057,78,72,2857,3575,True
1701438691,178157064,165,52,4288,3102,True
1701438691,241945213,83,40,3836,3712,True
1701438691,290191919,58,100,2272,3437,True
1701438691,338521599,49,46,2889,3442,True
1701438691,386657976,98,91,3015,4190,True
1701438691,434159529,134,54,3542,3618,True
1701438691,482205720,57,62,3575,3739,True
1701438691,546437550,89,71,4028,3096,True
1701438691,578643372,28,97,2947,3372,True
1701438691,658706918,39,83,3796,3335,True
1701438691,690468136,90,69,2890,3708,True
1701438691,738743672,49,82,3310,4123,True
1701438691,787049567,53,83,3971,3342,True
1701438691,834681879,100,44,3049,3848,True
1701438691,899062529,61,91,2339,3172,True
1701438691,947202103,83,101,5026,5680,True
1701438691,979110001,116,185,5909,7118,True
1701438692,59216824,39,46,363,0,True
1701438692,90961347,27,21,0,0,True
1701438692,139413132,0,0,0,0,True
1701438692,187407854,0,0,0,0,True
1701438692,236062389,0,0,0,0,True
1701438692,283183388,0,0,0,0,True
1701438692,331302039,267,240,-6387,6362,True
1701438692,379637665,221,231,-9406,8441,True
1701438692,443355927,231,137,-10701,10034,True
1701438692,491426076,186,177,-11344,10082,True
1701438692,539649140,168,205,-12953,12338,True
1701438692,587863738,149,104,-16008,13743,True
1701438692,668054746,149,168,-15946,16318,True
1701438692,699894503,82,63,-16396,13728,True
1701438692,731720290,76,95,-15401,13646,True
1701438692,796745149,64,41,-16232,13880,True
1701438692,860169975,89,38,-16483,14722,True
1701438692,908108330,46,110,-15393,14008,True
1701438693,100232856,100,61,-17003,14878,True
1701438693,148160767,53,110,-15932,14042,True
1701438693,211876654,23,28,-9564,9986,True
1701438693,244976629,53,105,-7828,6574,True
1701438693,276139902,54,17,-4103,6163,True
1701438693,308017597,16,15,-3574,4595,True
1701438693,340074396,32,61,-2692,1495,True
1701438693,371865560,24,43,0,0,True
1701438693,388015689,8,4,-886,2818,True
1701438693,419905171,156,59,-3282,3709,True
1701438693,435671050,161,77,-5479,2885,True
1701438693,484269829,65,73,-2831,3681,True
1701438693,531949277,11,0,0,0,True
1701438693,595509935,0,0,0,0,True
1701438693,644164923,0,0,0,0,True
1701438693,691414694,0,0,0,0,True
1701438693,739865458,0,0,0,0,True
1701438693,787978545,0,0,0,0,True
1701438693,851525439,0,0,0,0,True
1701438693,883024561,0,0,0,0,True
1701438693,931293047,0,0,0,0,True
1701438693,995167576,87,100,3286,3286,True
1701438694,43249375,143,66,7519,6147,True
1701438694,92488260,167,241,10029,11055,True
1701438694,155318707,177,115,15033,13102,True
1701438694,202959096,272,121,17009,17802,True
1701438694,251996479,228,189,17788,21539,True
1701438694,299011211,282,134,22483,24179,True
1701438694,332238011,132,133,22499,20561,True
1701438694,378987463,139,30,20437,22054,True
1701438694,442810753,111,90,18655,21193,True
1701438694,491504312,58,127,20261,18633,True
1701438694,538798922,72,35,21565,20168,True
1701438694,602608451,103,44,21143,21123,True
1701438694,634851499,75,49,20916,21532,True
1701438694,682484182,60,93,20650,19324,True
1701438694,730788241,131,53,20669,21005,True
1701438694,778574433,160,65,18668,22266,True
1701438694,842459669,121,91,18760,21495,True
1701438694,891016388,58,129,20428,18587,True
1701438694,938381649,63,62,21286,19625,True
1701438694,986350663,53,153,20872,19032,True
1701438695,50329048,149,53,18933,22016,True
1701438695,82159406,51,113,20565,19592,True
1701438695,130183374,106,51,20469,21214,True
1701438695,194032552,96,128,19868,19979,True
1701438695,273912870,158,87,18723,21681,True
1701438695,306084357,53,73,21413,20031,True
1701438695,338939523,63,95,21322,19884,True
1701438695,386064471,49,134,20584,18709,True
1701438695,449950181,146,49,19139,22507,True
1701438695,498616685,116,134,18727,20566,True
1701438695,545814516,161,62,18126,21581,True
1701438695,593706197,88,153,18846,20412,True
1701438695,641625105,150,87,18482,21631,True
1701438695,690012431,88,148,19561,19030,True
1701438695,801527966,65,45,20607,20831,True
1701438695,849706783,139,51,19087,22384,True
1701438695,881405553,48,143,20714,19308,True
1701438695,913541985,45,131,20574,19303,True
1701438695,945453068,151,51,18579,21855,True
1701438695,993339857,109,137,19043,19956,True
1701438696,41252341,131,53,18381,21262,True
1701438696,89217478,123,126,20018,19465,True
1701438696,138367928,37,127,20748,19942,True
1701438696,186948091,55,138,20382,18819,True
1701438696,233108426,66,59,21221,19623,True
1701438696,281044318,43,158,20804,19280,True
1701438696,346340796,138,53,18450,22368,True
1701438696,378115353,155,34,19145,21939,True
1701438696,440926642,138,55,18424,21911,True
1701438696,488831530,103,117,19941,19352,True
1701438696,537770304,35,129,20630,19472,True
1701438696,585529676,53,134,19763,18665,True
1701438696,632807285,61,53,21156,19568,True
1701438696,680699597,41,168,20528,19444,True
1701438696,728596382,59,109,20386,20963,True
1701438696,777585306,151,27,18913,22027,True
1701438696,840551839,137,42,18432,21907,True
1701438696,888499055,106,130,19872,19970,True
1701438696,938533986,38,137,20624,19388,True
1701438697,394847,49,89,20426,20259,True
1701438697,48377653,145,44,18845,22048,True
1701438697,80387532,48,131,20463,18871,True
1701438697,128252791,107,49,20334,20617,True
1701438697,176547248,145,49,18348,22342,True
1701438697,240422954,135,47,18718,22343,True
1701438697,304581074,48,121,20733,19216,True
1701438697,336315048,57,82,20169,19001,True
1701438697,384130625,49,133,20885,18751,True
1701438697,433295154,54,107,20598,20382,True
1701438697,480107220,57,139,20524,19058,True
1701438697,527979822,105,62,21080,19772,True
1701438697,576123401,158,49,18493,21948,True
1701438697,639929285,129,64,18123,22145,True
1701438697,687761699,64,155,19336,19811,True
1701438697,736078280,42,92,20898,18678,True
1701438697,783835763,47,134,20737,19437,True
1701438697,832136120,37,133,20504,20073,True
1701438697,895598200,103,102,18578,21565,True
1701438697,927543553,99,49,21010,19599,True
1701438697,975571649,149,49,18595,21885,True
1701438698,55904280,123,47,20370,20338,True
1701438698,87378072,53,156,20199,19891,True
1701438698,135691779,55,83,21186,18890,True
1701438698,183398728,56,135,20830,19586,True
1701438698,232090650,68,141,20876,20122,True
1701438698,279550929,53,113,20431,18785,True
1701438698,343274549,132,48,18732,22305,True
1701438698,391907570,122,95,19593,20023,True
1701438698,440419439,132,73,18191,22107,True
1701438698,487021002,61,124,19386,19844,True
1701438698,551495210,107,44,18961,21392,True
1701438698,583064783,52,129,20780,19531,True
1701438698,631285479,56,141,20602,19533,True
1701438698,679917912,53,137,20427,18663,True
1701438698,742937380,147,47,18935,22253,True
1701438698,774950297,153,43,18525,21366,True
1701438698,839424766,151,45,18512,22186,True
1701438698,886693747,72,114,18389,20693,True
1701438698,934716482,52,149,19923,19033,True
1701438698,982701263,72,101,19816,19584,True
1701438699,30798087,50,138,20968,19168,True
1701438699,78765222,60,153,20707,19390,True
1701438699,126497760,91,97,20912,19635,True
1701438699,174545858,158,37,19020,21427,True
1701438699,238252025,117,46,18201,21979,True
1701438699,286421675,83,121,18216,21645,True
1701438699,334498685,49,134,20485,18823,True
1701438699,382370314,111,106,19993,19419,True
1701438699,430308396,52,144,20904,19206,True
1701438699,478363304,55,146,20082,19318,True
1701438699,527829547,65,84,21143,19294,True
1701438699,590284130,125,95,18942,21068,True
1701438699,622188816,77,111,20657,20419,True
1701438699,687113353,93,121,18649,21624,True
1701438699,734003751,45,142,20478,18924,True
1701438699,782271522,106,108,19847,19639,True
1701438699,830008477,59,158,21036,19226,True
1701438699,877833517,58,158,20278,19395,True
1701438699,941889903,124,45,18817,21538,True
1701438699,973820005,157,45,19956,21536,True
1701438700,37679055,146,48,18358,21818,True
1701438700,85979806,94,127,18927,21676,True
1701438700,133633742,59,160,20585,19192,True
1701438700,181700937,104,118,19784,19737,True
1701438700,229600187,61,163,21129,18889,True
1701438700,277472130,55,152,20116,20831,True
1701438700,325300420,63,101,21256,18858,True
1701438700,375130357,142,61,19935,20870,True
1701438700,437318953,141,49,18343,21341,True
1701438700,485542049,104,90,18914,21757,True
1701438700,549228643,25,26,17425,16156,True
1701438700,597166817,35,42,10754,14499,True
1701438700,661681511,22,29,9726,10813,True
1701438700,677101032,23,42,9594,7467,True
1701438700,741448437,20,17,4373,6077,True
1701438700,788995603,53,9,1152,2542,True
1701438700,836966877,7,10,1387,4263,True
1701438700,884930071,70,167,3577,3221,True
1701438700,933672683,97,126,4721,4850,True
1701438700,981027960,46,62,3666,3596,True
1701438701,28776238,30,41,2603,3580,True
1701438701,76757710,72,64,3367,3596,True
1701438701,124787931,54,47,2502,3644,True
1701438701,173547639,140,91,4018,3124,True
1701438701,220691334,48,98,3497,3419,True
1701438701,284558866,162,49,4270,3410,True
1701438701,333032367,139,90,3685,3631,True
1701438701,380659844,19,83,2744,3774,True
1701438701,428607129,49,61,2631,3518,True
1701438701,476401452,94,122,3452,3851,True
1701438701,524585861,81,48,3778,3183,True
1701438701,588303580,110,104,3422,3660,True
1701438701,636452957,99,79,2758,3439,True
1701438701,701653408,38,60,3855,3582,True
1701438701,732473838,17,100,2403,3813,True
1701438701,781593348,74,49,3647,3507,True
1701438701,844051287,56,76,2679,4038,True
1701438701,892472377,150,45,4244,3570,True
1701438701,924075698,37,101,2785,3299,True
1701438702,52426892,145,163,7013,7928,True
1701438702,100445211,141,51,5592,5090,True
1701438702,132161624,29,12,849,1795,True
1701438702,163786051,54,64,0,0,True
1701438702,195781419,8,0,0,0,True
1701438702,227747657,0,0,0,0,True
1701438702,275714026,0,0,0,0,True
1701438702,323630198,268,206,-6232,6524,True
1701438702,371967416,325,292,-8013,9019,True
1701438702,435641740,180,126,-10370,8976,True
1701438702,483708032,176,186,-10428,12066,True
1701438702,531970914,198,208,-12351,14568,True
1701438702,579805015,130,186,-14079,13864,True
1701438702,643364466,204,128,-16038,18441,True
1701438702,675357954,185,74,-15866,17309,True
1701438702,723333443,80,103,-14713,15274,True
1701438702,771718409,54,68,-15979,13054,True
1701438702,835202328,81,100,-14497,16011,True
1701438702,883165716,75,143,-15646,14683,True
1701438702,931430346,65,91,-16505,13326,True
1701438702,979514393,79,124,-15635,15506,True
1701438703,28099483,49,119,-15879,14338,True
1701438703,91288889,61,95,-16423,13407,True
1701438703,267760470,41,39,-5184,6118,True
1701438703,282812551,33,41,-3850,3623,True
1701438703,314836251,39,15,-2113,3293,True
1701438703,347714531,20,42,-1292,1017,True
1701438703,378909415,8,0,-948,11,True
1701438703,410747290,155,87,-3297,4491,True
1701438703,442658173,142,60,-4661,2754,True
1701438703,474632505,82,95,-3261,5642,True
1701438703,522771895,4,0,0,0,True
1701438703,571018478,0,0,0,0,True
1701438703,634517084,0,0,0,0,True
1701438703,682530591,0,0,0,0,True
1701438703,747430906,0,0,0,0,True
1701438703,778571116,0,0,0,0,True
1701438703,827228285,0,0,0,0,True
1701438703,876096223,0,0,0,0,True
1701438703,922093000,0,0,0,0,True
1701438703,986769413,78,117,3244,3244,True
1701438704,35292876,112,219,5445,7879,True
1701438704,82276949,200,200,9910,11720,True
1701438704,130251230,256,129,14396,13419,True
1701438704,178184731,265,111,15531,16892,True
1701438704,226045313,286,95,18339,19752,True
1701438704,274471280,185,191,19768,22670,True
1701438704,322009660,104,177,22267,20369,True
1701438704,370141508,135,30,20277,20587,True
1701438704,434194725,123,30,18097,21444,True
1701438704,497936222,69,145,21212,19132,True
1701438704,529877697,71,130,20455,18663,True
1701438704,577869834,66,107,20126,19593,True
1701438704,625743972,68,161,21330,19227,True
1701438704,673504397,73,145,20814,19103,True
1701438704,737784388,153,40,19077,21500,True
1701438704,770108650,179,40,19322,21486,True
1701438704,849979698,96,107,20503,19273,True
1701438704,883162182,62,99,20467,21688,True
1701438704,929775708,65,161,21187,18881,True
1701438704,977514983,54,122,20652,19916,True
1701438705,25362820,62,164,20733,19226,True
1701438705,73276671,45,140,20457,20918,True
1701438705,153243755,97,80,18962,22453,True
1701438705,169433870,162,49,18468,21343,True
1701438705,233181888,124,54,18002,21239,True
1701438705,282078270,62,83,19100,21741,True
1701438705,329121424,51,163,20357,19488,True
1701438705,409345852,53,98,20153,21704,True
1701438705,441620302,141,55,19848,20658,True
1701438705,472957873,55,124,20608,20960,True
1701438705,521165313,67,151,21215,19346,True
1701438705,568969685,155,44,19888,20324,True
1701438705,632832773,128,57,18270,21569,True
1701438705,680852314,58,81,19479,22453,True
1701438705,728905717,56,154,20125,19385,True
1701438705,776826838,65,88,19799,21083,True
1701438705,840692654,144,54,20024,20628,True
1701438705,872616852,60,123,20427,20897,True
1701438705,920758517,92,141,20773,19007,True
1701438705,970272871,154,64,18514,20524,True
1701438706,32524001,145,49,18324,21744,True
1701438706,80800676,78,71,18640,21665,True
1701438706,129633232,53,150,20609,19074,True
1701438706,176535001,68,74,20502,20885,True
1701438706,224303380,39,149,21059,19071,True
1701438706,272289472,45,126,20418,20563,True
1701438706,320342365,63,125,20685,19299,True
1701438706,369403213,143,37,19036,21078,True
1701438706,416350845,80,144,20377,19341,True
1701438706,480324401,104,66,18958,21621,True
1701438706,528982561,49,154,20735,18866,True
1701438706,576211222,74,92,20592,21126,True
1701438706,623994436,61,160,21446,19193,True
1701438706,688673540,119,46,18605,22385,True
1701438706,736079070,137,47,19108,20918,True
1701438706,784017000,111,51,18825,22487,True
1701438706,831789885,152,43,18371,21607,True
1701438706,879897992,105,65,18848,21558,True
1701438706,928345562,42,149,20574,20079,True
1701438706,977152019,89,88,19741,20759,True
1701438707,23608921,51,141,20895,18858,True
1701438707,88730516,144,29,18620,21945,True
1701438707,119616287,51,157,20523,19343,True
1701438707,183510539,115,54,18420,21789,True
1701438707,231464831,131,44,18724,21541,True
1701438707,279514246,97,54,18931,21846,True
1701438707,328284213,46,110,20441,19911,True
1701438707,391345347,54,126,21045,18979,True
1701438707,439348451,102,101,19650,20316,True
1701438707,471287850,72,108,19881,20693,True
1701438707,519208349,54,145,20846,18997,True
1701438707,568138686,107,89,19845,20296,True
1701438707,631276147,126,44,18851,21329,True
1701438707,679090161,114,33,18746,21827,True
1701438707,727979964,41,128,20515,19823,True
1701438707,775258621,85,76,18788,21613,True
1701438707,839075153,98,140,19651,20085,True
1701438707,871026086,118,69,19852,20736,True
1701438707,935264280,136,51,20413,20542,True
1701438707,967828328,101,97,19808,20202,True
1701438708,30780734,117,53,18772,21411,True
1701438708,78747319,139,55,18756,21934,True
1701438708,175127394,136,49,19724,21103,True
1701438708,254970729,147,41,18468,22235,True
1701438708,286832483,116,32,17710,21379,True
1701438708,303712564,80,67,20056,20625,True
1701438708,334865122,105,113,19002,20497,True
1701438708,366772183,161,52,20665,19337,True
1701438708,430461197,138,41,20009,21036,True
1701438708,478675938,113,64,18555,22093,True
1701438708,526586144,46,133,20327,21088,True
1701438708,574582046,121,47,19598,20871,True
1701438708,638255835,119,55,20283,19587,True
1701438708,670309225,61,95,19407,21404,True
1701438708,718284372,55,124,20958,18592,True
1701438708,782967183,134,33,18618,22125,True
1701438708,814346547,46,159,20420,19238,True
1701438708,878069666,104,73,18310,22208,True
1701438708,926212060,54,119,20422,20926,True
1701438708,974201213,129,39,19643,20849,True
1701438709,22668107,41,115,20859,19202,True
1701438709,70080576,56,90,19255,21465,True
1701438709,117897018,57,132,20918,18777,True
1701438709,166458706,150,57,20611,19650,True
1701438709,231344043,141,52,19136,21159,True
1701438709,277739838,112,49,18681,22217,True
1701438709,326060433,45,123,20295,21090,True
1701438709,373923899,111,47,19732,21773,True
1701438709,421754641,52,114,20978,19715,True
1701438709,470825098,52,83,20224,21528,True
1701438709,710080692,103,134,20903,19131,True
1701438709,757347080,153,58,18976,20643,True
1701438709,789825194,48,138,20483,20756,True
1701438709,805543441,99,39,18896,22205,True
1701438709,837290221,101,98,20341,18657,True
1701438709,853462695,148,66,19134,21520,True
1701438709,885355405,143,53,18484,21299,True
1701438709,917254832,55,152,20407,19438,True
1701438709,981264735,153,48,18642,22503,True
1701438710,29093900,142,66,19889,20770,True
1701438710,77105254,133,48,18916,22017,True
1701438710,125183182,63,141,20300,22061,True
1701438710,173232217,115,50,18820,21794,True
1701438710,221213001,42,100,20711,20188,True
1701438710,268991516,66,75,19527,22293,True
1701438710,333112740,108,130,19773,19532,True
1701438710,365024465,132,86,20787,19134,True
1701438710,413126975,54,153,21032,18825,True
1701438710,492660650,58,74,20960,21113,True
1701438710,524854545,49,79,20051,21845,True
1701438710,572883875,104,39,18928,21706,True
1701438710,620726484,49,101,20785,20682,True
1701438710,668665287,93,43,18557,22155,True
1701438710,732766549,54,27,13925,15215,True
1701438710,780534144,25,29,11406,9918,True
1701438710,828531898,20,50,8886,8025,True
1701438710,876939450,17,60,5797,4047,True
1701438710,924515353,18,49,2317,2568,True
1701438710,972562723,33,30,0,0,True
1701438711,20441543,67,226,4219,4765,True
1701438711,68298346,210,135,6079,6281,True
1701438711,132375278,165,83,3250,4188,True
1701438711,164580613,15,65,2222,3104,True
1701438711,228203343,39,105,2811,3854,True
1701438711,276160451,34,43,3497,2989,True
1701438711,340177774,43,96,2581,3635,True
1701438711,405819980,49,104,2938,3679,True
1701438711,436084472,51,58,4070,3826,True
1701438711,467979455,109,107,3012,3976,True
1701438711,532062890,36,41,3008,3286,True
1701438711,579985633,69,72,2677,3621,True
1701438711,627859183,143,43,3406,3212,True
1701438711,675827377,116,188,6086,5830,True
1701438711,724962243,176,164,6918,6822,True
1701438711,771890700,21,11,2945,1952,True
1701438711,835731051,25,28,0,0,True
1701438711,884531765,0,0,0,0,True
1701438711,915694879,0,0,0,0,True
1701438711,964487392,0,0,0,0,True
1701438712,27519430,45,43,-1592,1592,True
1701438712,91317065,112,9,-6166,4222,True
1701438712,124056706,142,254,-7233,9154,True
1701438712,171584097,168,174,-9356,10035,True
1701438712,219469823,188,74,-13130,10458,True
1701438712,283641386,185,201,-12940,12862,True
1701438712,333078206,118,111,-16100,14519,True
1701438712,379522460,125,97,-17903,15944,True
1701438712,412964421,95,122,-16500,14714,True
1701438712,475213603,61,36,-16409,14525,True
1701438712,523403834,102,28,-16572,16529,True
1701438712,573704076,86,19,-17120,15317,True
1701438712,619139128,127,29,-16888,16256,True
1701438712,667019596,80,36,-16834,14723,True
1701438712,732081724,64,23,-16713,15556,True
1701438712,763216136,120,41,-16806,16799,True
1701438712,826965995,70,33,-16546,14640,True
1701438712,874895886,108,38,-17192,16047,True
1701438712,938801773,27,49,-11026,9059,True
1701438712,971303841,18,24,-8122,8387,True
1701438713,18724623,24,40,-5462,5314,True
1701438713,66702538,21,14,-3247,2371,True
1701438713,114689402,15,3,0,0,True
1701438713,162917234,4,2,0,0,True
1701438713,226602416,0,0,0,0,True
1701438713,306577076,0,0,0,0,True
1701438713,338459385,0,0,0,0,True
1701438713,370700237,0,0,0,0,True
1701438713,434395653,0,0,0,0,True
1701438713,466379867,0,0,0,0,True
1701438713,514415959,0,0,0,0,True
1701438713,562876556,0,0,0,0,True
1701438713,626248111,0,0,0,0,True
1701438713,674220244,0,0,0,0,True
1701438713,722667238,0,0,0,0,True
1701438713,770350217,0,0,0,0,True
1701438713,834078428,0,0,0,0,True
1701438713,866050828,0,0,0,0,True
1701438713,930193495,0,0,0,0,True
1701438713,978525397,0,0,0,0,True
1701438714,25942670,0,0,0,0,True
1701438714,74011095,0,0,0,0,True
1701438714,138314545,0,0,0,0,True
1701438714,170193674,0,0,0,0,True
1701438714,218191639,0,0,0,0,True
1701438714,265714131,0,0,0,0,True
1701438714,313735464,0,0,0,0,True
1701438714,378241182,0,0,0,0,True
1701438714,409871417,0,0,0,0,True
1701438714,490080007,0,0,0,0,True
1701438714,521595739,0,0,0,0,True
1701438714,569869191,0,0,0,0,True
1701438714,618460181,0,0,0,0,True
1701438714,666929227,0,0,0,0,True
1701438714,713351350,0,0,0,0,True
1701438714,761421273,0,0,0,0,True
1701438714,826379169,0,0,0,0,True
1701438714,889528793,0,0,0,0,True
1701438714,921217999,0,0,0,0,True
1701438714,969582346,0,0,0,0,True
1701438715,33123903,0,0,0,0,True
1701438715,65771289,0,0,0,0,True
1701438715,129437357,0,0,0,0,True
1701438715,161236410,0,0,0,0,True
1701438715,225445349,0,0,0,0,True
1701438715,272946438,0,0,0,0,True
1701438715,336935172,0,0,0,0,True
1701438715,369168630,0,0,0,0,True
1701438715,416844726,0,0,0,0,True
1701438715,464686928,0,0,0,0,True
1701438715,528963058,0,0,0,0,True
1701438715,624702802,0,0,0,0,True
1701438715,640777814,0,0,0,0,True
1701438715,674380928,0,0,0,0,True
1701438715,720667589,0,0,0,0,True
1701438715,768785276,0,0,0,0,True
1701438715,833904705,0,0,0,0,True
1701438715,864585040,0,0,0,0,True
1701438715,913735440,0,0,0,0,True
1701438715,976392706,0,0,0,0,True
1701438716,8444560,0,0,0,0,True
1701438716,73167520,0,0,0,0,True
1701438716,120727784,0,0,0,0,True
1701438716,168421264,0,0,0,0,True
1701438716,216213085,0,0,0,0,True
1701438716,280332097,0,0,0,0,True
1701438716,312465513,0,0,0,0,True
1701438716,376066148,0,0,0,0,True
1701438716,424060916,0,0,0,0,True
1701438716,472114618,0,0,0,0,True
1701438716,535973981,0,0,0,0,True
1701438716,568142513,0,0,0,0,True
1701438716,615912737,0,0,0,0,True
1701438716,663967780,0,0,0,0,True
1701438716,711851866,0,0,0,0,True
1701438716,775975177,0,0,0,0,True
1701438716,823725192,0,0,0,0,True
1701438716,888373063,0,0,0,0,True
1701438716,921129168,0,0,0,0,True
1701438716,983613080,0,0,0,0,True
1701438717,31650514,0,0,0,0,True
1701438717,81062942,0,0,0,0,True
1701438717,111575323,0,0,0,0,True
1701438717,160333991,0,0,0,0,True
1701438717,207755227,0,0,0,0,True
1701438717,271444979,0,0,0,0,True
1701438717,320344503,0,0,0,0,True
1701438717,367504588,0,0,0,0,True
1701438717,431324432,0,0,0,0,True
1701438717,463269496,0,0,0,0,True
1701438717,511250318,0,0,0,0,True
1701438717,623130318,0,0,0,0,True
1701438717,671260858,0,0,0,0,True
1701438717,687688319,0,0,0,0,True
1701438717,719432252,0,0,0,0,True
1701438717,768596317,0,0,0,0,True
1701438717,815000103,0,0,0,0,True
1701438717,863146168,0,0,0,0,True
1701438717,910893512,0,0,0,0,True
1701438717,974842198,0,0,0,0,True
1701438718,22813003,0,0,0,0,True
1701438718,70757232,0,0,0,0,True
1701438718,119246353,0,0,0,0,True
1701438718,167770881,0,0,0,0,True
1701438718,214643731,0,0,0,0,True
1701438718,262630344,0,0,0,0,True
1701438718,342550771,0,0,0,0,True
1701438718,359030948,0,0,0,0,True
1701438718,422659562,0,0,0,0,True
1701438718,486823684,0,0,0,0,True
1701438718,518647708,0,0,0,0,True
1701438718,566740743,0,0,0,0,True
1701438718,614344853,0,0,0,0,True
1701438718,678733357,0,0,0,0,True
1701438718,710372935,0,0,0,0,True
1701438718,758533113,0,0,0,0,True
1701438718,822178725,0,0,0,0,True
1701438718,870204844,0,0,0,0,True
1701438718,918344061,0,0,0,0,True
1701438718,966254411,0,0,0,0,True
1701438719,15668400,0,0,0,0,True
1701438719,62016757,0,0,0,0,True
1701438719,110043326,0,0,0,0,True
1701438719,175339508,0,0,0,0,True
1701438719,222035677,0,0,0,0,True
1701438719,269921065,0,0,0,0,True
1701438719,317911305,0,0,0,0,True
1701438719,365909803,0,0,0,0,True
1701438719,430031672,0,0,0,0,True
1701438719,461774347,0,0,0,0,True
1701438719,509787383,0,0,0,0,True
1701438719,557615575,0,0,0,0,True
1701438719,605802934,0,0,0,0,True
1701438719,669753771,0,0,0,0,True
1701438719,717657610,0,0,0,0,True
1701438719,765852911,0,0,0,0,True
1701438719,814031408,0,0,0,0,True
1701438719,861483097,0,0,0,0,True
1701438719,925482159,0,0,0,0,True
1701438719,974229333,0,0,0,0,True
1701438720,5438973,0,0,0,0,True
1701438720,69385890,0,0,0,0,True
1701438720,117264598,0,0,0,0,True
1701438720,165302219,0,0,0,0,True
1701438720,213710150,0,0,0,0,True
1701438720,262410989,0,0,0,0,True
1701438720,325150758,0,0,0,0,True
1701438720,373088688,0,0,0,0,True
1701438720,421807434,0,0,0,0,True
1701438720,468986208,0,0,0,0,True
1701438720,532936664,0,0,0,0,True
1701438720,597154158,0,0,0,0,True
1701438720,628862005,0,0,0,0,True
1701438720,661101084,0,0,0,0,True
1701438720,725137789,0,0,0,0,True
1701438720,772733930,0,0,0,0,True
1701438720,820703477,0,0,0,0,True
1701438720,868665311,0,0,0,0,True
1701438720,916705029,0,0,0,0,True
1701438720,964808372,0,0,0,0,True
1701438721,12600422,0,0,0,0,True
1701438721,60504846,0,0,0,0,True
1701438721,124612944,0,0,0,0,True
1701438721,156514658,0,0,0,0,True
1701438721,220476551,0,0,0,0,True
1701438721,284549158,0,0,0,0,True
1701438721,316370718,0,0,0,0,True
1701438721,380325605,0,0,0,0,True
1701438721,412466511,0,0,0,0,True
1701438721,460313362,0,0,0,0,True
1701438721,508914786,0,0,0,0,True
1701438721,556279094,0,0,0,0,True
1701438721,604249994,0,0,0,0,True
1701438721,668493294,0,0,0,0,True
1701438721,716066666,0,0,0,0,True
1701438721,764154531,0,0,0,0,True
1701438721,811972302,0,0,0,0,True
1701438721,876140886,0,0,0,0,True
1701438721,923994079,0,0,0,0,True
1701438721,971825982,0,0,0,0,True
1701438722,3995930,0,0,0,0,True
1701438722,67826720,0,0,0,0,True
1701438722,115947213,0,0,0,0,True
1701438722,179800734,0,0,0,0,True
1701438722,211684831,0,0,0,0,True
1701438722,259762168,0,0,0,0,True
1701438722,323741098,0,0,0,0,True
1701438722,356699336,0,0,0,0,True
1701438722,419644837,0,0,0,0,True
1701438722,467832301,0,0,0,0,True
1701438722,516779152,0,0,0,0,True
1701438722,563623863,0,0,0,0,True
1701438722,611408725,0,0,0,0,True
1701438722,659449413,0,0,0,0,True
1701438722,707382215,0,0,0,0,True
1701438722,771480145,0,0,0,0,True
1701438722,819243886,0,0,0,0,True
1701438722,867178180,0,0,0,0,True
1701438722,916656235,0,0,0,0,True
1701438722,963296288,0,0,0,0,True
1701438723,46038516,0,0,0,0,True
1701438723,76130434,0,0,0,0,True
1701438723,107009299,0,0,0,0,True
1701438723,155998242,0,0,0,0,True
1701438723,204454762,0,0,0,0,True
1701438723,268026309,0,0,0,0,True
1701438723,364331692,0,0,0,0,True
1701438723,395666220,0,0,0,0,True
1701438723,426786377,0,0,0,0,True
1701438723,458751728,0,0,0,0,True
1701438723,506708839,0,0,0,0,True
1701438723,570842070,0,0,0,0,True
1701438723,618656912,0,0,0,0,True
1701438723,666649709,0,0,0,0,True
1701438723,730569141,0,0,0,0,True
1701438723,762996111,0,0,0,0,True
1701438723,858548942,0,0,0,0,True
1701438723,906416111,0,0,0,0,True
1701438723,938479432,0,0,0,0,True
1701438723,970419297,0,0,0,0,True
1701438724,18540154,0,0,0,0,True
1701438724,66351947,0,0,0,0,True
1701438724,130317802,0,0,0,0,True
1701438724,162449288,0,0,0,0,True
1701438724,226212770,0,0,0,0,True
1701438724,258175669,0,0,0,0,True
